0,0,0.924142,0.710949,
0,1,0.975859,0.131325,
1,0,0.402438,0.0230677,
1,1,0.715974,0.0011729,
0,0,0.923007,0.675573,
0,1,0.973643,0.100295,
1,0,0.393318,0.020763,
1,1,0.691419,0.000968866,
0,0,0.921137,0.657107,
0,1,0.970807,0.0865628,
1,0,0.37991,0.0195224,
1,1,0.661201,0.00085157,
0,0,0.91866,0.646912,
0,1,0.967304,0.0784216,
1,0,0.363577,0.0187207,
1,1,0.625856,0.000769837,
0,0,0.915665,0.640673,
0,1,0.963048,0.072583,
1,0,0.345103,0.0181267,
1,1,0.585693,0.000706291,
0,0,0.912205,0.636473,
0,1,0.957935,0.0679659,
1,0,0.325096,0.0176492,
1,1,0.541326,0.000654001,
0,0,0.908334,0.633496,
0,1,0.951868,0.0641435,
1,0,0.304203,0.01725,
1,1,0.493916,0.000609751,
0,0,0.904135,0.631404,
0,1,0.944789,0.0609158,
1,0,0.28316,0.0169119,
1,1,0.445203,0.00057178,
0,0,0.899731,0.63006,
0,1,0.936719,0.0581705,
1,0,0.262739,0.0166261,
1,1,0.397291,0.00053895,
0,0,0.895275,0.629402,
0,1,0.92777,0.0558323,
1,0,0.243638,0.0163866,
1,1,0.352215,0.000510419,
0,0,0.890935,0.629393,
0,1,0.918142,0.0538422,
1,0,0.22637,0.0161884,
1,1,0.311512,0.000485505,
0,0,0.886864,0.629998,
0,1,0.908093,0.0521501,
1,0,0.21121,0.0160263,
1,1,0.275995,0.000463628,
0,0,0.883184,0.631166,
0,1,0.897896,0.0507112,
1,0,0.198219,0.0158951,
1,1,0.245792,0.000444284,
0,0,0.879976,0.63284,
0,1,0.887803,0.0494857,
1,0,0.187299,0.0157896,
1,1,0.220554,0.000427044,
0,0,0.877288,0.634954,
0,1,0.878025,0.0484387,
1,0,0.17827,0.0157049,
1,1,0.199688,0.000411544,
0,0,0.875135,0.63744,
0,1,0.86872,0.0475399,
1,0,0.170917,0.0156363,
1,1,0.182533,0.000397481,
0,0,0.873515,0.640233,
0,1,0.859994,0.0467641,
1,0,0.165033,0.0155798,
1,1,0.168463,0.000384609,
0,0,0.872408,0.643272,
0,1,0.851911,0.0460901,
1,0,0.16043,0.0155321,
1,1,0.156931,0.000372725,
0,0,0.871788,0.646502,
0,1,0.8445,0.0455002,
1,0,0.156948,0.0154902,
1,1,0.147481,0.000361667,
0,0,0.871626,0.649879,
0,1,0.837762,0.0449803,
1,0,0.154457,0.0154516,
1,1,0.139741,0.000351304,
0,0,0.871888,0.65336,
0,1,0.831678,0.0445185,
1,0,0.152854,0.0154146,
1,1,0.133415,0.000341533,
0,0,0.872545,0.656912,
0,1,0.826219,0.0441051,
1,0,0.15206,0.0153774,
1,1,0.128268,0.000332269,
0,0,0.873566,0.660506,
0,1,0.821342,0.0437323,
1,0,0.152016,0.0153388,
1,1,0.124115,0.000323444,
0,0,0.874923,0.66412,
0,1,0.817005,0.0433935,
1,0,0.152684,0.015298,
1,1,0.12081,0.000315005,
0,0,0.87659,0.667734,
0,1,0.813159,0.0430834,
1,0,0.154042,0.0152542,
1,1,0.118239,0.000306909,
0,0,0.878544,0.671333,
0,1,0.80976,0.0427976,
1,0,0.156083,0.0152069,
1,1,0.116315,0.000299123,
0,0,0.880764,0.674904,
0,1,0.80676,0.0425325,
1,0,0.158814,0.0151559,
1,1,0.114969,0.000291617,
0,0,0.883232,0.678439,
0,1,0.804116,0.042285,
1,0,0.162255,0.0151012,
1,1,0.11415,0.000284371,
0,0,0.88593,0.68193,
0,1,0.801787,0.0420527,
1,0,0.166441,0.0150426,
1,1,0.113821,0.000277368,
0,0,0.888841,0.685372,
0,1,0.799734,0.0418335,
1,0,0.171418,0.0149803,
1,1,0.113956,0.000270594,
0,0,0.891951,0.688762,
0,1,0.797918,0.0416256,
1,0,0.177244,0.0149147,
1,1,0.114537,0.000264037,
0,0,0.895245,0.692097,
0,1,0.796304,0.0414275,
1,0,0.183993,0.0148459,
1,1,0.115552,0.000257689,
0,0,0.898709,0.695377,
0,1,0.794856,0.0412376,
1,0,0.191748,0.0147744,
1,1,0.116995,0.000251542,
0,0,0.902325,0.6986,
0,1,0.793539,0.0410548,
1,0,0.200603,0.0147005,
1,1,0.118862,0.00024559,
0,0,0.906076,0.701766,
0,1,0.792316,0.0408777,
1,0,0.210662,0.0146247,
1,1,0.121147,0.000239829,
0,0,0.909944,0.704875,
0,1,0.791151,0.040705,
1,0,0.222033,0.0145476,
1,1,0.123839,0.000234254,
0,0,0.913906,0.707928,
0,1,0.790002,0.0405353,
1,0,0.234821,0.0144695,
1,1,0.12692,0.000228859,
0,0,0.917935,0.710923,
0,1,0.788827,0.0403671,
1,0,0.249118,0.014391,
1,1,0.130355,0.00022364,
0,0,0.922003,0.713861,
0,1,0.78758,0.0401986,
1,0,0.264996,0.0143126,
1,1,0.134088,0.000218592,
0,0,0.926078,0.716739,
0,1,0.786213,0.040028,
1,0,0.282483,0.0142348,
1,1,0.138038,0.00021371,
0,0,0.930125,0.719557,
0,1,0.784679,0.0398532,
1,0,0.301552,0.0141581,
1,1,0.142096,0.000208988,
0,0,0.934105,0.722311,
0,1,0.782938,0.0396722,
1,0,0.322102,0.0140832,
1,1,0.146128,0.000204421,
0,0,0.937985,0.725001,
0,1,0.780958,0.0394832,
1,0,0.343952,0.0140107,
1,1,0.14998,0.000200001,
0,0,0.94173,0.727623,
0,1,0.778728,0.0392844,
1,0,0.366839,0.0139413,
1,1,0.153498,0.000195727,
0,0,0.945313,0.730179,
0,1,0.776262,0.0390749,
1,0,0.390434,0.013876,
1,1,0.156543,0.000191594,
0,0,0.948711,0.732671,
0,1,0.773603,0.0388545,
1,0,0.414366,0.0138156,
1,1,0.159015,0.000187604,
0,0,0.951912,0.735105,
0,1,0.770827,0.038624,
1,0,0.438255,0.0137616,
1,1,0.160859,0.00018376,
0,0,0.95491,0.737491,
0,1,0.768032,0.0383853,
1,0,0.461746,0.013715,
1,1,0.162077,0.000180071,
0,0,0.957705,0.739841,
0,1,0.765335,0.0381413,
1,0,0.484531,0.0136773,
1,1,0.162712,0.000176547,
0,0,0.960302,0.742173,
0,1,0.762852,0.0378957,
1,0,0.506364,0.0136497,
1,1,0.162842,0.000173198,
0,0,0.96271,0.744502,
0,1,0.760689,0.0376525,
1,0,0.527067,0.0136332,
1,1,0.162561,0.000170035,
0,0,0.964938,0.746845,
0,1,0.758931,0.0374156,
1,0,0.546525,0.0136287,
1,1,0.161966,0.000167065,
0,0,0.966997,0.749215,
0,1,0.757635,0.0371888,
1,0,0.564683,0.0136365,
1,1,0.161146,0.000164294,
0,0,0.968899,0.751622,
0,1,0.756827,0.0369751,
1,0,0.58153,0.0136568,
1,1,0.160175,0.000161721,
0,0,0.970654,0.754071,
0,1,0.756508,0.0367769,
1,0,0.597095,0.0136893,
1,1,0.159114,0.000159343,
0,0,0.972273,0.756563,
0,1,0.756657,0.0365956,
1,0,0.611434,0.0137336,
1,1,0.158008,0.000157152,
0,0,0.973767,0.759097,
0,1,0.757236,0.0364321,
1,0,0.62462,0.0137887,
1,1,0.156888,0.00015514,
0,0,0.975145,0.761666,
0,1,0.758197,0.0362865,
1,0,0.636738,0.0138539,
1,1,0.155775,0.000153294,
0,0,0.976416,0.764262,
0,1,0.759487,0.0361584,
1,0,0.647873,0.0139281,
1,1,0.154683,0.000151602,
0,0,0.97759,0.766876,
0,1,0.761051,0.0360471,
1,0,0.658115,0.0140102,
1,1,0.153618,0.00015005,
0,0,0.978674,0.769497,
0,1,0.762838,0.0359513,
1,0,0.667547,0.0140992,
1,1,0.152586,0.000148624,
0,0,0.979675,0.772116,
0,1,0.7648,0.0358698,
1,0,0.676247,0.0141939,
1,1,0.151588,0.000147312,
0,0,0.980602,0.774723,
0,1,0.766894,0.0358014,
1,0,0.684288,0.0142935,
1,1,0.150622,0.000146101,
0,0,0.98146,0.777308,
0,1,0.769082,0.0357446,
1,0,0.691735,0.014397,
1,1,0.149689,0.00014498,
0,0,0.982255,0.779865,
0,1,0.771333,0.0356981,
1,0,0.698647,0.0145035,
1,1,0.148786,0.000143938,
0,0,0.982993,0.782385,
0,1,0.77362,0.0356606,
1,0,0.705078,0.0146124,
1,1,0.147912,0.000142967,
0,0,0.983679,0.784864,
0,1,0.77592,0.0356309,
1,0,0.711074,0.0147229,
1,1,0.147066,0.000142058,
0,0,0.984316,0.787296,
0,1,0.778218,0.035608,
1,0,0.716676,0.0148345,
1,1,0.146245,0.000141203,
0,0,0.984911,0.789678,
0,1,0.780497,0.0355909,
1,0,0.721923,0.0149467,
1,1,0.145448,0.000140395,
0,0,0.985465,0.792007,
0,1,0.782747,0.0355786,
1,0,0.726847,0.015059,
1,1,0.144675,0.000139629,
0,0,0.985982,0.794281,
0,1,0.784961,0.0355704,
1,0,0.731476,0.0151711,
1,1,0.143923,0.0001389,
0,0,0.986466,0.796498,
0,1,0.78713,0.0355656,
1,0,0.735837,0.0152826,
1,1,0.143193,0.000138204,
0,0,0.986919,0.798658,
0,1,0.789251,0.0355636,
1,0,0.739953,0.0153932,
1,1,0.142482,0.000137536,
0,0,0.987345,0.800761,
0,1,0.791321,0.0355638,
1,0,0.743845,0.0155028,
1,1,0.141789,0.000136893,
0,0,0.987744,0.802806,
0,1,0.793337,0.0355657,
1,0,0.74753,0.0156111,
1,1,0.141115,0.000136273,
0,0,0.988119,0.804794,
0,1,0.795298,0.035569,
1,0,0.751026,0.015718,
1,1,0.140458,0.000135672,
0,0,0.988473,0.806726,
0,1,0.797205,0.0355734,
1,0,0.754347,0.0158233,
1,1,0.139818,0.000135089,
0,0,0.988806,0.808603,
0,1,0.799056,0.0355784,
1,0,0.757505,0.015927,
1,1,0.139193,0.000134522,
0,0,0.98912,0.810426,
0,1,0.800854,0.0355839,
1,0,0.760514,0.0160289,
1,1,0.138584,0.000133969,
0,0,0.989418,0.812197,
0,1,0.802598,0.0355897,
1,0,0.763385,0.0161291,
1,1,0.137989,0.000133428,
0,0,0.989699,0.813916,
0,1,0.804289,0.0355955,
1,0,0.766126,0.0162274,
1,1,0.137409,0.000132899,
0,0,0.989965,0.815585,
0,1,0.80593,0.0356012,
1,0,0.768747,0.0163238,
1,1,0.136842,0.000132381,
0,0,0.990218,0.817206,
0,1,0.807521,0.0356068,
1,0,0.771255,0.0164184,
1,1,0.136289,0.000131872,
0,0,0.990458,0.818781,
0,1,0.809065,0.035612,
1,0,0.773659,0.0165111,
1,1,0.135748,0.000131371,
0,0,0.990686,0.82031,
0,1,0.810561,0.0356168,
1,0,0.775966,0.0166019,
1,1,0.13522,0.000130879,
0,0,0.990903,0.821795,
0,1,0.812014,0.0356211,
1,0,0.77818,0.0166908,
1,1,0.134703,0.000130394,
0,0,0.99111,0.823237,
0,1,0.813423,0.0356248,
1,0,0.780308,0.0167778,
1,1,0.134198,0.000129917,
0,0,0.991307,0.824639,
0,1,0.814791,0.035628,
1,0,0.782355,0.0168629,
1,1,0.133704,0.000129445,
0,0,0.991495,0.826002,
0,1,0.816118,0.0356306,
1,0,0.784326,0.0169462,
1,1,0.13322,0.00012898,
0,0,0.991675,0.827327,
0,1,0.817408,0.0356325,
1,0,0.786226,0.0170278,
1,1,0.132747,0.000128521,
0,0,0.991847,0.828615,
0,1,0.81866,0.0356338,
1,0,0.788058,0.0171075,
1,1,0.132284,0.000128067,
0,0,0.992011,0.829868,
0,1,0.819877,0.0356344,
1,0,0.789825,0.0171855,
1,1,0.13183,0.000127618,
0,0,0.992168,0.831087,
0,1,0.82106,0.0356343,
1,0,0.791533,0.0172617,
1,1,0.131386,0.000127174,
0,0,0.992319,0.832273,
0,1,0.82221,0.0356335,
1,0,0.793183,0.0173363,
1,1,0.130951,0.000126735,
0,0,0.992464,0.833428,
0,1,0.823328,0.035632,
1,0,0.794779,0.0174092,
1,1,0.130525,0.0001263,
0,0,0.992603,0.834552,
0,1,0.824417,0.0356299,
1,0,0.796324,0.0174805,
1,1,0.130107,0.00012587,
0,0,0.992736,0.835647,
0,1,0.825476,0.0356271,
1,0,0.797821,0.0175502,
1,1,0.129697,0.000125445,
0,0,0.992865,0.836714,
0,1,0.826507,0.0356237,
1,0,0.79927,0.0176183,
1,1,0.129295,0.000125023,
0,0,0.992988,0.837753,
0,1,0.827511,0.0356196,
1,0,0.800676,0.017685,
1,1,0.128901,0.000124605,
0,0,0.993107,0.838767,
0,1,0.82849,0.0356148,
1,0,0.80204,0.0177502,
1,1,0.128514,0.000124192,
0,0,0.993221,0.839755,
0,1,0.829444,0.0356095,
1,0,0.803364,0.0178139,
1,1,0.128134,0.000123782,
0,0,0.993332,0.840719,
0,1,0.830374,0.0356036,
1,0,0.80465,0.0178762,
1,1,0.127762,0.000123376,
0,0,0.993438,0.841659,
0,1,0.831281,0.035597,
1,0,0.8059,0.0179372,
1,1,0.127396,0.000122974,
0,0,0.993541,0.842577,
0,1,0.832166,0.0355899,
1,0,0.807114,0.0179968,
1,1,0.127037,0.000122575,
0,0,0.99364,0.843473,
0,1,0.83303,0.0355823,
1,0,0.808296,0.0180551,
1,1,0.126684,0.00012218,
0,0,0.993736,0.844348,
0,1,0.833873,0.0355741,
1,0,0.809446,0.0181122,
1,1,0.126337,0.000121788,
0,0,0.993828,0.845202,
0,1,0.834696,0.0355654,
1,0,0.810566,0.018168,
1,1,0.125997,0.0001214,
0,0,0.993918,0.846037,
0,1,0.8355,0.0355563,
1,0,0.811657,0.0182226,
1,1,0.125662,0.000121016,
0,0,0.994005,0.846853,
0,1,0.836286,0.0355466,
1,0,0.812719,0.018276,
1,1,0.125333,0.000120634,
0,0,0.994089,0.84765,
0,1,0.837055,0.0355365,
1,0,0.813755,0.0183283,
1,1,0.125009,0.000120256,
0,0,0.99417,0.84843,
0,1,0.837806,0.0355259,
1,0,0.814766,0.0183794,
1,1,0.124691,0.000119881,
0,0,0.994249,0.849193,
0,1,0.838541,0.0355149,
1,0,0.815752,0.0184295,
1,1,0.124378,0.00011951,
0,0,0.994325,0.849939,
0,1,0.839259,0.0355035,
1,0,0.816714,0.0184785,
1,1,0.12407,0.000119142,
0,0,0.9944,0.850669,
0,1,0.839963,0.0354917,
1,0,0.817653,0.0185265,
1,1,0.123767,0.000118776,
0,0,0.994472,0.851384,
0,1,0.840652,0.0354796,
1,0,0.818571,0.0185735,
1,1,0.123469,0.000118414,
0,0,0.994542,0.852083,
0,1,0.841326,0.035467,
1,0,0.819468,0.0186195,
1,1,0.123175,0.000118055,
0,0,0.99461,0.852768,
0,1,0.841986,0.0354541,
1,0,0.820344,0.0186645,
1,1,0.122886,0.000117699,
0,0,0.994676,0.853439,
0,1,0.842633,0.0354409,
1,0,0.821201,0.0187086,
1,1,0.122602,0.000117347,
0,0,0.99474,0.854097,
0,1,0.843267,0.0354274,
1,0,0.822039,0.0187518,
1,1,0.122322,0.000116997,
0,0,0.994802,0.854741,
0,1,0.843889,0.0354135,
1,0,0.822859,0.0187941,
1,1,0.122045,0.00011665,
0,0,0.994863,0.855373,
0,1,0.844498,0.0353994,
1,0,0.823661,0.0188356,
1,1,0.121773,0.000116306,
0,0,0.994922,0.855992,
0,1,0.845095,0.035385,
1,0,0.824446,0.0188762,
1,1,0.121505,0.000115965,
0,0,0.99498,0.856599,
0,1,0.845681,0.0353703,
1,0,0.825216,0.018916,
1,1,0.121241,0.000115626,
0,0,0.995036,0.857194,
0,1,0.846256,0.0353554,
1,0,0.825969,0.018955,
1,1,0.120981,0.000115291,
0,0,0.99509,0.857778,
0,1,0.846821,0.0353402,
1,0,0.826707,0.0189932,
1,1,0.120724,0.000114958,
0,0,0.995144,0.858352,
0,1,0.847374,0.0353247,
1,0,0.827431,0.0190307,
1,1,0.120471,0.000114628,
0,0,0.995195,0.858914,
0,1,0.847918,0.0353091,
1,0,0.82814,0.0190674,
1,1,0.120222,0.000114301,
0,0,0.995246,0.859466,
0,1,0.848452,0.0352933,
1,0,0.828835,0.0191034,
1,1,0.119975,0.000113977,
0,0,0.995295,0.860008,
0,1,0.848976,0.0352772,
1,0,0.829517,0.0191387,
1,1,0.119733,0.000113655,
0,0,0.995344,0.860541,
0,1,0.849491,0.035261,
1,0,0.830186,0.0191733,
1,1,0.119493,0.000113336,
0,0,0.995391,0.861063,
0,1,0.849998,0.0352446,
1,0,0.830843,0.0192073,
1,1,0.119257,0.00011302,
0,0,0.995437,0.861577,
0,1,0.850495,0.035228,
1,0,0.831487,0.0192405,
1,1,0.119024,0.000112706,
0,0,0.995481,0.862082,
0,1,0.850984,0.0352113,
1,0,0.83212,0.0192732,
1,1,0.118793,0.000112395,
0,0,0.995525,0.862578,
0,1,0.851465,0.0351944,
1,0,0.832741,0.0193052,
1,1,0.118566,0.000112086,
0,0,0.995568,0.863065,
0,1,0.851938,0.0351773,
1,0,0.833351,0.0193367,
1,1,0.118342,0.00011178,
0,0,0.99561,0.863545,
0,1,0.852402,0.0351601,
1,0,0.83395,0.0193675,
1,1,0.11812,0.000111476,
0,0,0.995651,0.864016,
0,1,0.85286,0.0351428,
1,0,0.834539,0.0193978,
1,1,0.117902,0.000111175,
0,0,0.995691,0.864479,
0,1,0.85331,0.0351254,
1,0,0.835118,0.0194274,
1,1,0.117686,0.000110876,
0,0,0.99573,0.864935,
0,1,0.853752,0.0351078,
1,0,0.835687,0.0194566,
1,1,0.117473,0.00011058,
0,0,0.995769,0.865383,
0,1,0.854188,0.0350902,
1,0,0.836246,0.0194852,
1,1,0.117262,0.000110286,
0,0,0.995806,0.865824,
0,1,0.854617,0.0350724,
1,0,0.836796,0.0195132,
1,1,0.117054,0.000109994,
0,0,0.995843,0.866259,
0,1,0.855039,0.0350545,
1,0,0.837337,0.0195408,
1,1,0.116848,0.000109705,
0,0,0.995879,0.866686,
0,1,0.855455,0.0350366,
1,0,0.837869,0.0195679,
1,1,0.116645,0.000109418,
0,0,0.995914,0.867106,
0,1,0.855865,0.0350185,
1,0,0.838392,0.0195944,
1,1,0.116444,0.000109133,
0,0,0.995949,0.86752,
0,1,0.856268,0.0350004,
1,0,0.838908,0.0196205,
1,1,0.116246,0.000108851,
0,0,0.995983,0.867928,
0,1,0.856666,0.0349822,
1,0,0.839415,0.0196461,
1,1,0.11605,0.00010857,
0,0,0.996016,0.868329,
0,1,0.857057,0.034964,
1,0,0.839914,0.0196713,
1,1,0.115856,0.000108292,
0,0,0.996048,0.868725,
0,1,0.857443,0.0349457,
1,0,0.840405,0.019696,
1,1,0.115664,0.000108017,
0,0,0.99608,0.869114,
0,1,0.857823,0.0349273,
1,0,0.840889,0.0197203,
1,1,0.115474,0.000107743,
0,0,0.996111,0.869498,
0,1,0.858198,0.0349088,
1,0,0.841366,0.0197441,
1,1,0.115287,0.000107471,
0,0,0.996142,0.869876,
0,1,0.858567,0.0348904,
1,0,0.841835,0.0197675,
1,1,0.115102,0.000107202,
0,0,0.996172,0.870249,
0,1,0.858932,0.0348719,
1,0,0.842297,0.0197906,
1,1,0.114918,0.000106935,
0,0,0.996202,0.870616,
0,1,0.859291,0.0348533,
1,0,0.842753,0.0198132,
1,1,0.114737,0.00010667,
0,0,0.996231,0.870978,
0,1,0.859645,0.0348347,
1,0,0.843202,0.0198354,
1,1,0.114557,0.000106406,
0,0,0.996259,0.871335,
0,1,0.859995,0.034816,
1,0,0.843645,0.0198572,
1,1,0.11438,0.000106145,
0,0,0.996287,0.871687,
0,1,0.86034,0.0347974,
1,0,0.844081,0.0198787,
1,1,0.114204,0.000105886,
0,0,0.996314,0.872034,
0,1,0.86068,0.0347787,
1,0,0.844511,0.0198998,
1,1,0.114031,0.000105629,
0,0,0.996341,0.872376,
0,1,0.861015,0.03476,
1,0,0.844935,0.0199205,
1,1,0.113859,0.000105374,
0,0,0.996368,0.872714,
0,1,0.861347,0.0347412,
1,0,0.845353,0.0199409,
1,1,0.113689,0.000105121,
0,0,0.996394,0.873047,
0,1,0.861674,0.0347225,
1,0,0.845766,0.019961,
1,1,0.11352,0.000104869,
0,0,0.996419,0.873375,
0,1,0.861996,0.0347037,
1,0,0.846173,0.0199807,
1,1,0.113353,0.00010462,
0,0,0.996444,0.8737,
0,1,0.862315,0.0346849,
1,0,0.846574,0.02,
1,1,0.113188,0.000104372,
0,0,0.996469,0.874019,
0,1,0.862629,0.0346661,
1,0,0.84697,0.0200191,
1,1,0.113025,0.000104127,
0,0,0.996493,0.874335,
0,1,0.86294,0.0346473,
1,0,0.847361,0.0200378,
1,1,0.112863,0.000103883,
0,0,0.996517,0.874647,
0,1,0.863246,0.0346285,
1,0,0.847746,0.0200562,
1,1,0.112703,0.000103641,
0,0,0.996541,0.874954,
0,1,0.863549,0.0346097,
1,0,0.848127,0.0200744,
1,1,0.112545,0.0001034,
0,0,0.996564,0.875258,
0,1,0.863849,0.0345909,
1,0,0.848503,0.0200922,
1,1,0.112388,0.000103162,
0,0,0.996586,0.875558,
0,1,0.864144,0.0345721,
1,0,0.848874,0.0201097,
1,1,0.112232,0.000102925,
0,0,0.996609,0.875854,
0,1,0.864436,0.0345533,
1,0,0.84924,0.020127,
1,1,0.112078,0.00010269,
0,0,0.996631,0.876146,
0,1,0.864724,0.0345345,
1,0,0.849602,0.0201439,
1,1,0.111925,0.000102457,
0,0,0.996652,0.876435,
0,1,0.865009,0.0345157,
1,0,0.849959,0.0201606,
1,1,0.111774,0.000102225,
0,0,0.996674,0.87672,
0,1,0.865291,0.034497,
1,0,0.850311,0.020177,
1,1,0.111624,0.000101995,
0,0,0.996695,0.877002,
0,1,0.865569,0.0344782,
1,0,0.85066,0.0201932,
1,1,0.111476,0.000101767,
0,0,0.996715,0.87728,
0,1,0.865844,0.0344595,
1,0,0.851004,0.0202091,
1,1,0.111329,0.00010154,
0,0,0.996736,0.877555,
0,1,0.866116,0.0344407,
1,0,0.851344,0.0202247,
1,1,0.111183,0.000101315,
0,0,0.996756,0.877827,
0,1,0.866385,0.034422,
1,0,0.85168,0.0202401,
1,1,0.111039,0.000101092,
0,0,0.996775,0.878095,
0,1,0.866651,0.0344033,
1,0,0.852012,0.0202553,
1,1,0.110896,0.00010087,
0,0,0.996795,0.878361,
0,1,0.866914,0.0343847,
1,0,0.85234,0.0202702,
1,1,0.110754,0.00010065,
0,0,0.996814,0.878623,
0,1,0.867174,0.034366,
1,0,0.852664,0.0202849,
1,1,0.110614,0.000100431,
0,0,0.996833,0.878882,
0,1,0.867431,0.0343474,
1,0,0.852985,0.0202993,
1,1,0.110474,0.000100214,
0,0,0.996851,0.879139,
0,1,0.867685,0.0343288,
1,0,0.853302,0.0203135,
1,1,0.110336,9.99983e-05,
0,0,0.996869,0.879392,
0,1,0.867937,0.0343102,
1,0,0.853615,0.0203275,
1,1,0.1102,9.97841e-05,
0,0,0.996887,0.879643,
0,1,0.868186,0.0342917,
1,0,0.853925,0.0203413,
1,1,0.110064,9.95715e-05,
0,0,0.996905,0.87989,
0,1,0.868432,0.0342732,
1,0,0.854231,0.0203549,
1,1,0.10993,9.93604e-05,
0,0,0.996923,0.880135,
0,1,0.868675,0.0342547,
1,0,0.854534,0.0203683,
1,1,0.109796,9.91507e-05,
0,0,0.99694,0.880377,
0,1,0.868916,0.0342363,
1,0,0.854834,0.0203814,
1,1,0.109664,9.89425e-05,
0,0,0.996957,0.880617,
0,1,0.869154,0.0342179,
1,0,0.85513,0.0203943,
1,1,0.109533,9.87357e-05,
0,0,0.996974,0.880854,
0,1,0.86939,0.0341995,
1,0,0.855423,0.0204071,
1,1,0.109403,9.85303e-05,
0,0,0.99699,0.881088,
0,1,0.869624,0.0341811,
1,0,0.855713,0.0204197,
1,1,0.109274,9.83263e-05,
0,0,0.997007,0.88132,
0,1,0.869855,0.0341628,
1,0,0.856,0.020432,
1,1,0.109146,9.81237e-05,
0,0,0.997023,0.88155,
0,1,0.870084,0.0341445,
1,0,0.856284,0.0204442,
1,1,0.109019,9.79224e-05,
0,0,0.997039,0.881777,
0,1,0.87031,0.0341262,
1,0,0.856564,0.0204562,
1,1,0.108893,9.77226e-05,
0,0,0.997054,0.882002,
0,1,0.870534,0.034108,
1,0,0.856842,0.020468,
1,1,0.108769,9.7524e-05,
0,0,0.99707,0.882224,
0,1,0.870756,0.0340899,
1,0,0.857117,0.0204797,
1,1,0.108645,9.73268e-05,
0,0,0.997085,0.882444,
0,1,0.870976,0.0340717,
1,0,0.85739,0.0204911,
1,1,0.108522,9.71309e-05,
0,0,0.9971,0.882662,
0,1,0.871193,0.0340536,
1,0,0.857659,0.0205024,
1,1,0.1084,9.69362e-05,
0,0,0.997115,0.882877,
0,1,0.871409,0.0340356,
1,0,0.857926,0.0205135,
1,1,0.10828,9.67429e-05,
0,0,0.99713,0.88309,
0,1,0.871622,0.0340175,
1,0,0.858189,0.0205245,
1,1,0.10816,9.65509e-05,
0,0,0.997144,0.883302,
0,1,0.871833,0.0339996,
1,0,0.858451,0.0205353,
1,1,0.108041,9.63601e-05,
0,0,0.997159,0.883511,
0,1,0.872043,0.0339816,
1,0,0.85871,0.0205459,
1,1,0.107923,9.61705e-05,
0,0,0.997173,0.883718,
0,1,0.87225,0.0339637,
1,0,0.858966,0.0205564,
1,1,0.107805,9.59823e-05,
0,0,0.997187,0.883923,
0,1,0.872455,0.0339459,
1,0,0.859219,0.0205667,
1,1,0.107689,9.57952e-05,
0,0,0.997201,0.884126,
0,1,0.872659,0.0339281,
1,0,0.85947,0.0205769,
1,1,0.107574,9.56094e-05,
0,0,0.997214,0.884327,
0,1,0.87286,0.0339103,
1,0,0.859719,0.0205869,
1,1,0.107459,9.54246e-05,
0,0,0.997228,0.884526,
0,1,0.87306,0.0338926,
1,0,0.859965,0.0205968,
1,1,0.107346,9.52412e-05,
0,0,0.997241,0.884723,
0,1,0.873258,0.0338749,
1,0,0.860209,0.0206066,
1,1,0.107233,9.50588e-05,
0,0,0.997254,0.884918,
0,1,0.873453,0.0338573,
1,0,0.860451,0.0206162,
1,1,0.107121,9.48777e-05,
0,0,0.997267,0.885111,
0,1,0.873648,0.0338397,
1,0,0.86069,0.0206256,
1,1,0.10701,9.46977e-05,
0,0,0.99728,0.885303,
0,1,0.87384,0.0338222,
1,0,0.860927,0.0206349,
1,1,0.106899,9.45188e-05,
0,0,0.997292,0.885493,
0,1,0.874031,0.0338046,
1,0,0.861162,0.0206441,
1,1,0.10679,9.43411e-05,
0,0,0.997305,0.885681,
0,1,0.87422,0.0337872,
1,0,0.861395,0.0206531,
1,1,0.106681,9.41644e-05,
0,0,0.997317,0.885867,
0,1,0.874407,0.0337698,
1,0,0.861626,0.0206621,
1,1,0.106573,9.39889e-05,
0,0,0.99733,0.886051,
0,1,0.874593,0.0337524,
1,0,0.861854,0.0206709,
1,1,0.106466,9.38145e-05,
0,0,0.997342,0.886234,
0,1,0.874777,0.0337351,
1,0,0.862081,0.0206795,
1,1,0.10636,9.36411e-05,
0,0,0.997354,0.886415,
0,1,0.87496,0.0337178,
1,0,0.862305,0.0206881,
1,1,0.106254,9.34687e-05,
0,0,0.997365,0.886595,
0,1,0.875141,0.0337006,
1,0,0.862528,0.0206965,
1,1,0.106149,9.32976e-05,
0,0,0.997377,0.886773,
0,1,0.87532,0.0336834,
1,0,0.862748,0.0207048,
1,1,0.106045,9.31275e-05,
0,0,0.997389,0.886949,
0,1,0.875498,0.0336663,
1,0,0.862967,0.0207129,
1,1,0.105941,9.29583e-05,
0,0,0.9974,0.887124,
0,1,0.875674,0.0336492,
1,0,0.863183,0.020721,
1,1,0.105838,9.27903e-05,
0,0,0.997411,0.887297,
0,1,0.875849,0.0336321,
1,0,0.863398,0.020729,
1,1,0.105736,9.26232e-05,
0,0,0.997422,0.887469,
0,1,0.876023,0.0336151,
1,0,0.863611,0.0207368,
1,1,0.105635,9.2457e-05,
0,0,0.997433,0.887639,
0,1,0.876195,0.0335982,
1,0,0.863822,0.0207445,
1,1,0.105535,9.22919e-05,
0,0,0.997444,0.887808,
0,1,0.876365,0.0335813,
1,0,0.864031,0.0207521,
1,1,0.105434,9.21279e-05,
0,0,0.997455,0.887975,
0,1,0.876534,0.0335644,
1,0,0.864238,0.0207596,
1,1,0.105335,9.19648e-05,
0,0,0.997466,0.888141,
0,1,0.876702,0.0335476,
1,0,0.864444,0.020767,
1,1,0.105237,9.18027e-05,
0,0,0.997476,0.888305,
0,1,0.876868,0.0335309,
1,0,0.864648,0.0207743,
1,1,0.105138,9.16415e-05,
0,0,0.997487,0.888469,
0,1,0.877033,0.0335141,
1,0,0.86485,0.0207815,
1,1,0.105041,9.14813e-05,
0,0,0.997497,0.88863,
0,1,0.877197,0.0334975,
1,0,0.86505,0.0207886,
1,1,0.104944,9.1322e-05,
0,0,0.997507,0.888791,
0,1,0.87736,0.0334809,
1,0,0.865249,0.0207956,
1,1,0.104848,9.11637e-05,
0,0,0.997518,0.88895,
0,1,0.877521,0.0334643,
1,0,0.865446,0.0208025,
1,1,0.104753,9.10063e-05,
0,0,0.997528,0.889107,
0,1,0.87768,0.0334478,
1,0,0.865642,0.0208093,
1,1,0.104658,9.08498e-05,
0,0,0.997537,0.889264,
0,1,0.877839,0.0334313,
1,0,0.865836,0.020816,
1,1,0.104564,9.06942e-05,
0,0,0.997547,0.889419,
0,1,0.877996,0.0334149,
1,0,0.866029,0.0208226,
1,1,0.10447,9.05395e-05,
0,0,0.997557,0.889573,
0,1,0.878153,0.0333985,
1,0,0.86622,0.0208292,
1,1,0.104377,9.03856e-05,
0,0,0.997567,0.889725,
0,1,0.878308,0.0333821,
1,0,0.866409,0.0208356,
1,1,0.104285,9.02328e-05,
0,0,0.997576,0.889877,
0,1,0.878461,0.0333659,
1,0,0.866597,0.0208419,
1,1,0.104193,9.00807e-05,
0,0,0.997586,0.890027,
0,1,0.878614,0.0333496,
1,0,0.866783,0.0208482,
1,1,0.104102,8.99297e-05,
0,0,0.997595,0.890176,
0,1,0.878765,0.0333335,
1,0,0.866968,0.0208543,
1,1,0.104011,8.97794e-05,
0,0,0.997604,0.890323,
0,1,0.878916,0.0333173,
1,0,0.867152,0.0208604,
1,1,0.103921,8.96299e-05,
0,0,0.997613,0.89047,
0,1,0.879065,0.0333012,
1,0,0.867334,0.0208664,
1,1,0.103831,8.94812e-05,
0,0,0.997622,0.890616,
0,1,0.879213,0.0332852,
1,0,0.867515,0.0208723,
1,1,0.103742,8.93335e-05,
0,0,0.997631,0.89076,
0,1,0.87936,0.0332692,
1,0,0.867694,0.0208781,
1,1,0.103654,8.91865e-05,
0,0,0.99764,0.890903,
0,1,0.879506,0.0332532,
1,0,0.867872,0.0208839,
1,1,0.103566,8.90404e-05,
0,0,0.997649,0.891045,
0,1,0.87965,0.0332373,
1,0,0.868048,0.0208896,
1,1,0.103478,8.88951e-05,
0,0,0.997658,0.891186,
0,1,0.879794,0.0332215,
1,0,0.868224,0.0208952,
1,1,0.103391,8.87507e-05,
0,0,0.997666,0.891326,
0,1,0.879937,0.0332057,
1,0,0.868398,0.0209007,
1,1,0.103305,8.8607e-05,
0,0,0.997675,0.891465,
0,1,0.880078,0.0331899,
1,0,0.86857,0.0209061,
1,1,0.103219,8.84642e-05,
0,0,0.997683,0.891603,
0,1,0.880219,0.0331742,
1,0,0.868742,0.0209115,
1,1,0.103134,8.83219e-05,
0,0,0.997692,0.89174,
0,1,0.880359,0.0331585,
1,0,0.868912,0.0209168,
1,1,0.103049,8.81806e-05,
0,0,0.9977,0.891876,
0,1,0.880497,0.0331429,
1,0,0.869081,0.020922,
1,1,0.102965,8.804e-05,
0,0,0.997708,0.892011,
0,1,0.880635,0.0331273,
1,0,0.869248,0.0209271,
1,1,0.102881,8.79002e-05,
0,0,0.997716,0.892144,
0,1,0.880772,0.0331118,
1,0,0.869415,0.0209322,
1,1,0.102798,8.7761e-05,
0,0,0.997724,0.892277,
0,1,0.880907,0.0330963,
1,0,0.86958,0.0209372,
1,1,0.102715,8.76227e-05,
0,0,0.997732,0.892409,
0,1,0.881042,0.0330809,
1,0,0.869744,0.0209421,
1,1,0.102632,8.74852e-05,
0,0,0.99774,0.89254,
0,1,0.881176,0.0330655,
1,0,0.869907,0.020947,
1,1,0.10255,8.73484e-05,
0,0,0.997748,0.89267,
0,1,0.881309,0.0330502,
1,0,0.870068,0.0209518,
1,1,0.102469,8.72123e-05,
0,0,0.997756,0.892799,
0,1,0.881441,0.0330349,
1,0,0.870229,0.0209565,
1,1,0.102388,8.7077e-05,
0,0,0.997764,0.892927,
0,1,0.881572,0.0330196,
1,0,0.870388,0.0209612,
1,1,0.102307,8.69422e-05,
0,0,0.997771,0.893054,
0,1,0.881702,0.0330044,
1,0,0.870547,0.0209658,
1,1,0.102227,8.68083e-05,
0,0,0.997779,0.89318,
0,1,0.881832,0.0329892,
1,0,0.870704,0.0209704,
1,1,0.102148,8.6675e-05,
0,0,0.997786,0.893306,
0,1,0.88196,0.0329741,
1,0,0.87086,0.0209748,
1,1,0.102069,8.65425e-05,
0,0,0.997794,0.89343,
0,1,0.882088,0.0329591,
1,0,0.871015,0.0209793,
1,1,0.10199,8.64107e-05,
0,0,0.997801,0.893554,
0,1,0.882214,0.032944,
1,0,0.871169,0.0209836,
1,1,0.101911,8.62795e-05,
0,0,0.997809,0.893677,
0,1,0.88234,0.0329291,
1,0,0.871322,0.0209879,
1,1,0.101834,8.6149e-05,
0,0,0.997816,0.893798,
0,1,0.882465,0.0329141,
1,0,0.871473,0.0209922,
1,1,0.101756,8.60193e-05,
0,0,0.997823,0.89392,
0,1,0.88259,0.0328993,
1,0,0.871624,0.0209963,
1,1,0.101679,8.58902e-05,
0,0,0.99783,0.89404,
0,1,0.882713,0.0328844,
1,0,0.871774,0.0210005,
1,1,0.101602,8.57618e-05,
0,0,0.997837,0.894159,
0,1,0.882836,0.0328696,
1,0,0.871923,0.0210045,
1,1,0.101526,8.56339e-05,
0,0,0.997844,0.894278,
0,1,0.882957,0.0328549,
1,0,0.872071,0.0210085,
1,1,0.101451,8.55067e-05,
0,0,0.997851,0.894396,
0,1,0.883078,0.0328401,
1,0,0.872217,0.0210125,
1,1,0.101375,8.53802e-05,
0,0,0.997858,0.894513,
0,1,0.883199,0.0328255,
1,0,0.872363,0.0210164,
1,1,0.1013,8.52543e-05,
0,0,0.997865,0.894629,
0,1,0.883318,0.0328109,
1,0,0.872508,0.0210202,
1,1,0.101226,8.51291e-05,
0,0,0.997872,0.894744,
0,1,0.883437,0.0327963,
1,0,0.872652,0.021024,
1,1,0.101152,8.50046e-05,
0,0,0.997878,0.894859,
0,1,0.883555,0.0327818,
1,0,0.872795,0.0210278,
1,1,0.101078,8.48806e-05,
0,0,0.997885,0.894973,
0,1,0.883673,0.0327673,
1,0,0.872937,0.0210314,
1,1,0.101005,8.47573e-05,
0,0,0.997891,0.895086,
0,1,0.883789,0.0327528,
1,0,0.873078,0.0210351,
1,1,0.100931,8.46346e-05,
0,0,0.997898,0.895199,
0,1,0.883905,0.0327384,
1,0,0.873219,0.0210387,
1,1,0.100859,8.45126e-05,
0,0,0.997905,0.89531,
0,1,0.88402,0.0327241,
1,0,0.873358,0.0210422,
1,1,0.100787,8.43911e-05,
0,0,0.997911,0.895421,
0,1,0.884134,0.0327098,
1,0,0.873496,0.0210457,
1,1,0.100715,8.42701e-05,
0,0,0.997917,0.895532,
0,1,0.884248,0.0326955,
1,0,0.873634,0.0210491,
1,1,0.100643,8.41497e-05,
0,0,0.997924,0.895641,
0,1,0.884361,0.0326813,
1,0,0.87377,0.0210525,
1,1,0.100572,8.403e-05,
0,0,0.99793,0.89575,
0,1,0.884473,0.0326671,
1,0,0.873906,0.0210559,
1,1,0.100501,8.39109e-05,
0,0,0.997936,0.895858,
0,1,0.884585,0.0326529,
1,0,0.874041,0.0210592,
1,1,0.100431,8.37924e-05,
0,0,0.997942,0.895966,
0,1,0.884696,0.0326388,
1,0,0.874175,0.0210624,
1,1,0.100361,8.36743e-05,
0,0,0.997949,0.896073,
0,1,0.884806,0.0326248,
1,0,0.874309,0.0210656,
1,1,0.100291,8.3557e-05,
0,0,0.997955,0.896179,
0,1,0.884915,0.0326108,
1,0,0.874441,0.0210688,
1,1,0.100222,8.34402e-05,
0,0,0.997961,0.896284,
0,1,0.885024,0.0325968,
1,0,0.874573,0.0210719,
1,1,0.100153,8.33239e-05,
0,0,0.997967,0.896389,
0,1,0.885133,0.0325829,
1,0,0.874704,0.021075,
1,1,0.100084,8.32082e-05,
0,0,0.997973,0.896493,
0,1,0.88524,0.032569,
1,0,0.874834,0.021078,
1,1,0.100016,8.30931e-05,
0,0,0.997979,0.896597,
0,1,0.885347,0.0325551,
1,0,0.874963,0.021081,
1,1,0.0999477,8.29784e-05,
0,0,0.997984,0.8967,
0,1,0.885454,0.0325413,
1,0,0.875092,0.0210839,
1,1,0.0998799,8.28644e-05,
0,0,0.99799,0.896802,
0,1,0.885559,0.0325275,
1,0,0.87522,0.0210868,
1,1,0.0998126,8.27509e-05,
0,0,0.997996,0.896904,
0,1,0.885665,0.0325138,
1,0,0.875346,0.0210897,
1,1,0.0997456,8.26379e-05,
0,0,0.998002,0.897005,
0,1,0.885769,0.0325001,
1,0,0.875473,0.0210925,
1,1,0.0996789,8.25254e-05,
0,0,0.998007,0.897105,
0,1,0.885873,0.0324865,
1,0,0.875598,0.0210953,
1,1,0.0996125,8.24135e-05,
0,0,0.998013,0.897205,
0,1,0.885976,0.0324729,
1,0,0.875723,0.021098,
1,1,0.0995466,8.23021e-05,
0,0,0.998019,0.897304,
0,1,0.886079,0.0324593,
1,0,0.875847,0.0211007,
1,1,0.0994808,8.21912e-05,
0,0,0.998024,0.897403,
0,1,0.886181,0.0324458,
1,0,0.87597,0.0211034,
1,1,0.0994154,8.2081e-05,
0,0,0.99803,0.897501,
0,1,0.886283,0.0324323,
1,0,0.876093,0.021106,
1,1,0.0993502,8.19711e-05,
0,0,0.998035,0.897598,
0,1,0.886384,0.0324189,
1,0,0.876214,0.0211086,
1,1,0.0992854,8.18619e-05,
0,0,0.998041,0.897695,
0,1,0.886484,0.0324055,
1,0,0.876336,0.0211112,
1,1,0.0992211,8.1753e-05,
0,0,0.998046,0.897791,
0,1,0.886584,0.0323921,
1,0,0.876456,0.0211137,
1,1,0.0991568,8.16447e-05,
0,0,0.998051,0.897887,
0,1,0.886683,0.0323788,
1,0,0.876576,0.0211162,
1,1,0.0990929,8.15369e-05,
0,0,0.998057,0.897982,
0,1,0.886782,0.0323655,
1,0,0.876695,0.0211186,
1,1,0.0990293,8.14295e-05,
0,0,0.998062,0.898077,
0,1,0.88688,0.0323522,
1,0,0.876813,0.021121,
1,1,0.0989659,8.13227e-05,
0,0,0.998067,0.898171,
0,1,0.886978,0.032339,
1,0,0.876931,0.0211234,
1,1,0.098903,8.12164e-05,
0,0,0.998072,0.898265,
0,1,0.887075,0.0323258,
1,0,0.877048,0.0211257,
1,1,0.0988404,8.11105e-05,
0,0,0.998078,0.898358,
0,1,0.887172,0.0323127,
1,0,0.877164,0.021128,
1,1,0.0987781,8.10051e-05,
0,0,0.998083,0.89845,
0,1,0.887268,0.0322996,
1,0,0.87728,0.0211303,
1,1,0.098716,8.09002e-05,
0,0,0.998088,0.898542,
0,1,0.887364,0.0322866,
1,0,0.877395,0.0211325,
1,1,0.0986541,8.07957e-05,
0,0,0.998093,0.898634,
0,1,0.887459,0.0322735,
1,0,0.87751,0.0211347,
1,1,0.0985925,8.06918e-05,
0,0,0.998098,0.898725,
0,1,0.887553,0.0322606,
1,0,0.877623,0.0211369,
1,1,0.0985313,8.05883e-05,
0,0,0.998103,0.898815,
0,1,0.887647,0.0322476,
1,0,0.877737,0.021139,
1,1,0.0984704,8.04853e-05,
0,0,0.998108,0.898905,
0,1,0.887741,0.0322347,
1,0,0.877849,0.0211412,
1,1,0.0984096,8.03827e-05,
0,0,0.998113,0.898994,
0,1,0.887834,0.0322219,
1,0,0.877961,0.0211432,
1,1,0.0983491,8.02805e-05,
0,0,0.998117,0.899083,
0,1,0.887926,0.032209,
1,0,0.878072,0.0211453,
1,1,0.0982889,8.01789e-05,
0,0,0.998122,0.899172,
0,1,0.888018,0.0321962,
1,0,0.878183,0.0211473,
1,1,0.0982291,8.00777e-05,
0,0,0.998127,0.89926,
0,1,0.88811,0.0321835,
1,0,0.878293,0.0211493,
1,1,0.0981694,7.9977e-05,
0,0,0.998132,0.899347,
0,1,0.888201,0.0321708,
1,0,0.878403,0.0211512,
1,1,0.09811,7.98767e-05,
