-2.9,1.2,-4.5,-2.8,0.7,-4.2,
-2.9,1.2,-4.5,-2.8,0.688538,-4.20882,
-2.9,1.20529,-4.5,-2.95669,1.007,-4.16596,
-2.8427,1.20529,-4.52221,-2.95669,1.10223,-4.1605,
-2.92076,1.12723,-4.52052,-2.95499,0.852876,-4.16091,
-2.92076,1.12723,-4.52052,-2.95499,0.825001,-4.18131,
-2.92076,1.13251,-4.52052,-3.04912,1.0679,-4.15629,
-2.86694,1.13251,-4.53836,-3.04912,1.15096,-4.15191,
-2.95024,1.04922,-4.537,-3.04776,0.916446,-4.15224,
-2.95024,1.04922,-4.537,-3.04776,0.876098,-4.18102,
-2.95024,1.05455,-4.537,-3.11865,1.08427,-4.16246,
-2.89822,1.05455,-4.55323,-3.11865,1.16164,-4.15848,
-2.98626,0.966503,-4.55203,-3.11745,0.937937,-4.15877,
-2.98626,0.966503,-4.55203,-3.11745,0.891547,-4.19144,
-2.98626,0.97215,-4.55203,-3.17811,1.08526,-4.17573,
-2.93516,0.97215,-4.56764,-3.17811,1.15924,-4.17192,
-3.0278,0.879516,-4.56654,-3.17702,0.945664,-4.17219,
-3.0278,0.879516,-4.56654,-3.17702,0.896985,-4.20625,
-3.0278,0.885702,-4.56654,-3.23189,1.08364,-4.19218,
-2.97724,0.885702,-4.58195,-3.23189,1.15488,-4.18844,
-3.0741,0.78884,-4.58092,-3.23087,0.952443,-4.18868,
-3.0741,0.78884,-4.58092,-3.23087,0.903101,-4.22311,
-3.0741,0.795756,-4.58092,-3.28172,1.08516,-4.21019,
-3.02391,0.795756,-4.59631,-3.28172,1.15369,-4.20647,
-3.12429,0.695379,-4.59535,-3.28075,0.963999,-4.2067,
-3.12429,0.695379,-4.59535,-3.28075,0.914552,-4.24119,
-3.12429,0.703214,-4.59535,-3.32836,1.09255,-4.22919,
-3.07438,0.703214,-4.61082,-3.32836,1.1582,-4.22547,
-3.17717,0.600424,-4.60991,-3.32745,0.982832,-4.22568,
-3.17717,0.600424,-4.60991,-3.32745,0.933381,-4.26022,
-3.17717,0.609376,-4.60991,-3.37226,1.1071,-4.24902,
-3.12748,0.609376,-4.62553,-3.37226,1.16972,-4.24528,
-3.23127,0.505583,-4.62466,-3.37139,1.00978,-4.24548,
-3.23127,0.505583,-4.62466,-3.37139,0.960258,-4.28016,
-3.23127,0.515851,-4.62466,-3.41369,1.12923,-4.26967,
-3.18169,0.515851,-4.64048,-3.41369,1.18879,-4.2659,
-3.28496,0.412575,-4.63965,-3.41285,1.04465,-4.2661,
-3.28496,0.412575,-4.63965,-3.41285,0.994938,-4.30104,
-3.28496,0.424345,-4.63965,-3.45288,1.15871,-4.29119,
-3.23538,0.424345,-4.65571,-3.45288,1.21529,-4.28738,
-3.33676,0.322962,-4.65491,-3.45208,1.08651,-4.28757,
-3.33676,0.322962,-4.65491,-3.45208,1.03652,-4.32288,
-3.33676,0.336389,-4.65491,-3.49003,1.19477,-4.3136,
-3.28702,0.336389,-4.67124,-3.49003,1.24858,-4.30975,
-3.38549,0.23792,-4.67047,-3.48926,1.13403,-4.30993,
-3.38549,0.23792,-4.67047,-3.48926,1.08373,-4.34566,
-3.38549,0.253116,-4.67047,-3.52535,1.2363,-4.3369,
-3.33543,0.253116,-4.68709,-3.52535,1.28763,-4.33301,
-3.43041,0.158143,-4.68635,-3.52461,1.18576,-4.33318,
-3.43041,0.158143,-4.68635,-3.52461,1.13513,-4.36936,
-3.43041,0.175171,-4.68635,-3.55903,1.28205,-4.36106,
-3.37985,0.175171,-4.70328,-3.55903,1.33123,-4.35712,
-3.47115,0.0838737,-4.70256,-3.55831,1.2403,-4.35728,
-3.47115,0.0838737,-4.70256,-3.55831,1.18939,-4.3939,
-3.47115,0.102744,-4.70256,-3.59123,1.33079,-4.38601,
-3.41991,0.102744,-4.7198,-3.59123,1.37816,-4.38202,
-3.50765,0.0150069,-4.71911,-3.59054,1.29649,-4.38218,
-3.50765,0.0150069,-4.71911,-3.59054,1.24535,-4.41919,
-3.50765,0.0356852,-4.71911,-3.62212,1.38148,-4.41168,
-3.45556,0.0356852,-4.73666,-3.62212,1.42737,-4.40764,
-3.54004,-0.048794,-4.73599,-3.62145,1.35342,-4.40779,
-3.54004,-0.048794,-4.73599,-3.62145,1.30213,-4.44515,
-3.54004,-0.026378,-4.73599,-3.65183,1.43326,-4.43797,
-3.48692,-0.026378,-4.75386,-3.65183,1.47796,-4.43388,
-3.56854,-0.107997,-4.7532,-3.65118,1.41041,-4.43403,
-3.56854,-0.107997,-4.7532,-3.65118,1.35904,-4.47168,
-3.56854,-0.0839415,-4.7532,-3.68048,1.48547,-4.4648,
-3.51422,-0.0839415,-4.77138,-3.68048,1.52926,-4.46067,
-3.59341,-0.163131,-4.77074,-3.67985,1.46699,-4.46081,
-3.59341,-0.163131,-4.77074,-3.67985,1.41561,-4.49869,
-3.59341,-0.137553,-4.77074,-3.70817,1.53762,-4.49209,
-3.53774,-0.137553,-4.78921,-3.70817,1.58075,-4.48792,
-3.61493,-0.214743,-4.78859,-3.70756,1.52283,-4.48805,
-3.61493,-0.214743,-4.78859,-3.70756,1.4715,-4.52612,
-3.61493,-0.18777,-4.78859,-3.735,1.58938,-4.51976,
-3.55773,-0.18777,-4.80733,-3.735,1.63206,-4.51555,
-3.63333,-0.263367,-4.80673,-3.73439,1.57773,-4.51569,
-3.63333,-0.263367,-4.80673,-3.73439,1.52651,-4.55388,
-3.63333,-0.235132,-4.80673,-3.76102,1.64051,-4.54775,
-3.57446,-0.235132,-4.82574,-3.76102,1.68296,-4.54351,
-3.64884,-0.309516,-4.82516,-3.76043,1.63158,-4.54364,
-3.64884,-0.309516,-4.82516,-3.76043,1.58051,-4.58191,
-3.64884,-0.28015,-4.82516,-3.7863,1.69089,-4.576,
-3.58812,-0.28015,-4.84442,-3.7863,1.73328,-4.57173,
-3.66164,-0.353669,-4.84385,-3.78572,1.68434,-4.57185,
-3.66164,-0.353669,-4.84385,-3.78572,1.63345,-4.61016,
-3.66164,-0.323301,-4.84385,-3.81089,1.74044,-4.60445,
-3.5989,-0.323301,-4.86334,-3.81089,1.78295,-4.60015,
-3.67187,-0.396276,-4.86278,-3.81033,1.736,-4.60027,
-3.67187,-0.396276,-4.86278,-3.81033,1.68533,-4.63858,
-3.67187,-0.365024,-4.86278,-3.83484,1.78912,-4.63305,
-3.60693,-0.365024,-4.88248,-3.83484,1.83193,-4.62873,
-3.67966,-0.437753,-4.88193,-3.8343,1.7866,-4.62885,
-3.67966,-0.437753,-4.88193,-3.8343,1.73618,-4.66713,
-3.67966,-0.405729,-4.88193,-3.8582,1.83697,-4.66177,
-3.61234,-0.405729,-4.90183,-3.8582,1.88023,-4.65744,
-3.6851,-0.478488,-4.90129,-3.85767,1.83621,-4.65755,
-3.6851,-0.478488,-4.90129,-3.85767,1.78605,-4.69576,
-3.6851,-0.445793,-4.90129,-3.88099,1.88403,-4.69057,
-3.61518,-0.445793,-4.92136,-3.88099,1.92789,-4.68623,
-3.68824,-0.518845,-4.92083,-3.88047,1.88492,-4.68634,
-3.68824,-0.518845,-4.92083,-3.88047,1.83503,-4.72446,
-3.68824,-0.485568,-4.92083,-3.90325,1.93035,-4.71942,
-3.61552,-0.485568,-4.94105,-3.90325,1.97499,-4.71507,
-3.68912,-0.559166,-4.94054,-3.90274,1.93282,-4.71518,
-3.68912,-0.559166,-4.94054,-3.90274,1.88322,-4.75319,
-3.68912,-0.525386,-4.94054,-3.92501,1.97604,-4.7483,
-3.61337,-0.525386,-4.96087,-3.92501,2.02161,-4.74395,
-3.68775,-0.599775,-4.96037,-3.92451,1.98003,-4.74405,
-3.68775,-0.599775,-4.96037,-3.92451,1.93072,-4.78193,
-3.68775,-0.565559,-4.96037,-3.9463,2.02119,-4.77718,
-3.60872,-0.565559,-4.98081,-3.9463,2.06787,-4.77283,
-3.68415,-0.640985,-4.98032,-3.94581,2.02669,-4.77294,
-3.68415,-0.640985,-4.98032,-3.94581,1.97767,-4.81067,
-3.68415,-0.606388,-4.98032,-3.96714,2.06593,-4.80604,
-3.60157,-0.606388,-5.00084,-3.96714,2.11388,-4.80171,
-3.67828,-0.683097,-5.00036,-3.96666,2.07293,-4.80181,
-3.67828,-0.683097,-5.00036,-3.96666,2.0242,-4.83938,
-3.67828,-0.648163,-5.00036,-3.98756,2.11038,-4.83487,
-3.59186,-0.648163,-5.02093,-3.98756,2.1598,-4.83055,
-3.67011,-0.726408,-5.02046,-3.9871,2.11891,-4.83065,
-3.67011,-0.726408,-5.02046,-3.9871,2.07047,-4.86805,
-3.67011,-0.691168,-5.02046,-4.00759,2.1547,-4.86366,
-3.57957,-0.691168,-5.04105,-4.00759,2.20577,-4.85936,
-3.65961,-0.77121,-5.04059,-4.00714,2.16479,-4.85946,
-3.65961,-0.77121,-5.04059,-4.00714,2.11664,-4.89668,
-3.65961,-0.735684,-5.04059,-4.02726,2.19904,-4.89239,
-3.56463,-0.735684,-5.06117,-4.02726,2.25197,-4.88812,
-3.64674,-0.817795,-5.06072,-4.02681,2.21074,-4.88821,
-3.64674,-0.817795,-5.06072,-4.02681,2.16289,-4.92524,
-3.64674,-0.78199,-5.06072,-4.04658,2.24358,-4.92105,
-3.547,-0.78199,-5.08127,-4.04658,2.29859,-4.91682,
-3.63146,-0.866452,-5.08083,-4.04614,2.25697,-4.91691,
-3.63146,-0.866452,-5.08083,-4.04614,2.20941,-4.95373,
-3.63146,-0.830363,-5.08083,-4.06558,2.28852,-4.94964,
-3.52664,-0.830363,-5.10131,-4.06558,2.34582,-4.94544,
-3.61375,-0.91747,-5.10088,-4.06515,2.30368,-4.94553,
-3.61375,-0.91747,-5.10088,-4.06515,2.25641,-4.98213,
-3.61375,-0.881077,-5.10088,-4.0843,2.33407,-4.97813,
-3.50355,-0.881077,-5.12125,-4.0843,2.39389,-4.97397,
-3.5936,-0.971132,-5.12083,-4.08387,2.35108,-4.97406,
-3.5936,-0.971132,-5.12083,-4.08387,2.30412,-5.01044,
-3.5936,-0.934397,-5.12083,-4.10275,2.38045,-5.00651,
-3.47776,-0.934397,-5.14105,-4.10275,2.44301,-5.00241,
-3.57106,-1.0277,-5.14064,-4.10234,2.39942,-5.0025,
-3.57106,-1.0277,-5.14064,-4.10234,2.35277,-5.03863,
-3.57106,-0.990576,-5.14064,-4.12098,2.42792,-5.03478,
-3.44936,-0.990576,-5.16066,-4.12098,2.49342,-5.03074,
-3.54622,-1.08743,-5.16026,-4.12058,2.44893,-5.03082,
-3.54622,-1.08743,-5.16026,-4.12058,2.40261,-5.06669,
-3.54622,-1.04984,-5.16026,-4.13902,2.47672,-5.0629,
-3.41856,-1.04984,-5.18005,-4.13902,2.54536,-5.05894,
-3.51924,-1.15052,-5.17965,-4.13862,2.49988,-5.05901,
-3.51924,-1.15052,-5.17965,-4.13862,2.45391,-5.0946,
-3.51924,-1.11236,-5.17965,-4.15689,2.52712,-5.09087,
-3.38563,-1.11236,-5.19915,-4.15689,2.59906,-5.08698,
-3.49037,-1.2171,-5.19876,-4.15651,2.55252,-5.08706,
-3.49037,-1.2171,-5.19876,-4.15651,2.50693,-5.12233,
-3.49037,-1.17826,-5.19876,-4.17465,2.57941,-5.11865,
-3.351,-1.17826,-5.21791,-4.17465,2.65472,-5.11485,
-3.45996,-1.28723,-5.21754,-4.17427,2.6071,-5.11492,
-3.45996,-1.28723,-5.21754,-4.17427,2.56193,-5.14987,
-3.45996,-1.24756,-5.21754,-4.19233,2.63384,-5.14622,
-3.31522,-1.24756,-5.23628,-4.19233,2.71252,-5.14252,
-3.42847,-1.36082,-5.23591,-4.19197,2.66385,-5.14259,
-3.42847,-1.36082,-5.23591,-4.19197,2.61913,-5.17718,
-3.42847,-1.32015,-5.23591,-4.20998,2.69066,-5.17355,
-3.27898,-1.32015,-5.25419,-4.20998,2.77261,-5.16997,
-3.39646,-1.43763,-5.25383,-4.20963,2.72299,-5.17004,
-3.39646,-1.43763,-5.25383,-4.20963,2.67874,-5.20424,
-3.39646,-1.39579,-5.25383,-4.22765,2.75006,-5.20063,
-3.24308,-1.39579,-5.27159,-4.22765,2.83507,-5.19717,
-3.36456,-1.51727,-5.27124,-4.2273,2.78466,-5.19724,
-3.36456,-1.51727,-5.27124,-4.2273,2.74092,-5.23104,
-3.36456,-1.47404,-5.27124,-4.24537,2.81218,-5.22744,
-3.20835,-1.47404,-5.28842,-4.24537,2.89991,-5.22411,
-3.33344,-1.59913,-5.28808,-4.24503,2.84896,-5.22417,
-3.33344,-1.59913,-5.28808,-4.24503,2.80572,-5.25757,
-3.33344,-1.55433,-5.28808,-4.26318,2.87709,-5.25398,
-3.17562,-1.55433,-5.30465,-4.26318,2.96708,-5.25078,
-3.30375,-1.68247,-5.30432,-4.26285,2.91588,-5.25084,
-3.30375,-1.68247,-5.30432,-4.26285,2.87314,-5.28385,
-3.30375,-1.6359,-5.30432,-4.28111,2.94474,-5.28025,
-3.14562,-1.6359,-5.32024,-4.28111,3.03643,-5.27719,
-3.27612,-1.76639,-5.31993,-4.28079,2.98533,-5.27725,
-3.27612,-1.76639,-5.31993,-4.28079,2.94307,-5.30989,
-3.27612,-1.7179,-5.31993,-4.29918,3.01497,-5.30628,
-3.11897,-1.7179,-5.33517,-4.29918,3.10776,-5.30337,
-3.25103,-1.84996,-5.33487,-4.29887,3.05712,-5.30343,
-3.25103,-1.84996,-5.33487,-4.29887,3.01529,-5.33573,
-3.25103,-1.79945,-5.33487,-4.3174,3.08752,-5.33212,
-3.09608,-1.79945,-5.34943,-4.3174,3.18076,-5.32935,
-3.22886,-1.93223,-5.34914,-4.3171,3.13094,-5.3294,
-3.22886,-1.93223,-5.34914,-4.3171,3.08949,-5.36142,
-3.22886,-1.87965,-5.34914,-4.33574,3.16202,-5.3578,
-3.07718,-1.87965,-5.36302,-4.33574,3.25508,-5.35518,
-3.20987,-2.01235,-5.36274,-4.33546,3.20639,-5.35523,
-3.20987,-2.01235,-5.36274,-4.33546,3.16527,-5.38701,
-3.20987,-1.95774,-5.36274,-4.35419,3.23802,-5.3834,
-3.06235,-1.95774,-5.37595,-4.35419,3.33032,-5.38091,
-3.19418,-2.08957,-5.37568,-4.35392,3.28303,-5.38096,
-3.19418,-2.08957,-5.37568,-4.35392,3.24218,-5.41255,
-3.19418,-2.03304,-5.37568,-4.3727,3.31503,-5.40895,
-3.05149,-2.03304,-5.38824,-4.3727,3.40604,-5.40659,
-3.18178,-2.16333,-5.38798,-4.37244,3.36036,-5.40664,
-3.18178,-2.16333,-5.38798,-4.37244,3.31972,-5.43809,
-3.18178,-2.10508,-5.38798,-4.39123,3.39252,-5.4345,
-3.0444,-2.10508,-5.39992,-4.39123,3.48182,-5.43228,
-3.17258,-2.23327,-5.39967,-4.39098,3.43789,-5.43232,
-3.17258,-2.23327,-5.39967,-4.39098,3.39743,-5.46367,
-3.17258,-2.17351,-5.39967,-4.40972,3.47,-5.46011,
-3.04079,-2.17351,-5.41102,-4.40972,3.55725,-5.458,
-3.16643,-2.29916,-5.41078,-4.40948,3.51514,-5.45804,
-3.16643,-2.29916,-5.41078,-4.40948,3.47486,-5.4893,
-3.16643,-2.23819,-5.41078,-4.42812,3.54701,-5.48577,
-3.04033,-2.23819,-5.42158,-4.42812,3.63196,-5.48378,
-3.1631,-2.36096,-5.42136,-4.4279,3.59171,-5.48382,
-3.1631,-2.36096,-5.42136,-4.4279,3.55159,-5.51499,
-3.1631,-2.29908,-5.42136,-4.44637,3.62315,-5.51151,
-3.04266,-2.29908,-5.43164,-4.44637,3.70565,-5.50962,
-3.16232,-2.41875,-5.43143,-4.44616,3.66725,-5.50965,
-3.16232,-2.41875,-5.43143,-4.44616,3.62731,-5.54073,
-3.16232,-2.35627,-5.43143,-4.46444,3.69809,-5.53731,
-3.04743,-2.35627,-5.44124,-4.46444,3.77805,-5.53552,
-3.16383,-2.47267,-5.44103,-4.46424,3.74146,-5.53555,
-3.16383,-2.47267,-5.44103,-4.46424,3.70172,-5.56653,
-3.16383,-2.40989,-5.44103,-4.48226,3.77158,-5.56317,
-3.05427,-2.40989,-5.45041,-4.48226,3.84896,-5.56146,
-3.16734,-2.52296,-5.45021,-4.48207,3.81412,-5.56149,
-3.16734,-2.52296,-5.45021,-4.48207,3.77462,-5.59234,
-3.16734,-2.46017,-5.45021,-4.49982,3.84342,-5.58905,
-3.06288,-2.46017,-5.45919,-4.49982,3.91824,-5.58742,
-3.17259,-2.56987,-5.459,-4.49964,3.88508,-5.58745,
-3.17259,-2.56987,-5.459,-4.49964,3.84586,-5.61815,
-3.17259,-2.50732,-5.459,-4.51707,3.91349,-5.61493,
-3.07295,-2.50732,-5.46761,-4.51707,3.98579,-5.61337,
-3.1793,-2.61368,-5.46744,-4.5169,3.95423,-5.61341,
-3.1793,-2.61368,-5.46744,-4.5169,3.91533,-5.64392,
-3.1793,-2.5516,-5.46744,-4.53399,3.98169,-5.64077,
-3.0842,-2.5516,-5.47571,-4.53399,4.05155,-5.63929,
-3.18725,-2.65465,-5.47554,-4.53383,4.0215,-5.63931,
-3.18725,-2.65465,-5.47554,-4.53383,3.98297,-5.66961,
-3.18725,-2.59323,-5.47554,-4.55058,4.04798,-5.66654,
-3.09642,-2.59323,-5.48351,-4.55058,4.11548,-5.66512,
-3.19623,-2.69304,-5.48335,-4.55042,4.08686,-5.66515,
-3.19623,-2.69304,-5.48335,-4.55042,4.04874,-5.69519,
-3.19623,-2.63246,-5.48335,-4.5668,4.11236,-5.69221,
-3.10939,-2.63246,-5.49103,-4.5668,4.17758,-5.69084,
-3.20604,-2.72911,-5.49088,-4.56665,4.15031,-5.69087,
-3.20604,-2.72911,-5.49088,-4.56665,4.11263,-5.72064,
-3.20604,-2.66948,-5.49088,-4.58267,4.17483,-5.71774,
-3.12294,-2.66948,-5.4983,-4.58267,4.23788,-5.71642,
-3.21652,-2.76307,-5.49816,-4.58252,4.21188,-5.71644,
-3.21652,-2.76307,-5.49816,-4.58252,4.17466,-5.74592,
-3.21652,-2.7045,-5.49816,-4.59817,4.23541,-5.74309,
-3.13691,-2.7045,-5.50534,-4.59817,4.29639,-5.74182,
-3.22753,-2.79512,-5.50521,-4.59803,4.27158,-5.74185,
-3.22753,-2.79512,-5.50521,-4.59803,4.23487,-5.771,
-3.22753,-2.7377,-5.50521,-4.6133,4.29417,-5.76825,
-3.15119,-2.7377,-5.51217,-4.6133,4.35316,-5.76703,
-3.23894,-2.82545,-5.51204,-4.61317,4.32948,-5.76705,
-3.23894,-2.82545,-5.51204,-4.61317,4.29328,-5.79586,
-3.23894,-2.76923,-5.51204,-4.62807,4.35113,-5.79319,
-3.16566,-2.76923,-5.51879,-4.62807,4.40824,-5.79201,
-3.25066,-2.85423,-5.51866,-4.62795,4.38561,-5.79203,
-3.25066,-2.85423,-5.51866,-4.62795,4.34996,-5.82048,
-3.25066,-2.79924,-5.51866,-4.64249,4.40637,-5.81789,
-3.18024,-2.79924,-5.52523,-4.64249,4.46168,-5.81674,
-3.26258,-2.88158,-5.52511,-4.64237,4.44004,-5.81676,
-3.26258,-2.88158,-5.52511,-4.64237,4.40494,-5.84484,
-3.26258,-2.82785,-5.52511,-4.65655,4.45994,-5.84232,
-3.19486,-2.82785,-5.53149,-4.65655,4.51353,-5.84121,
-3.27465,-2.90764,-5.53138,-4.65643,4.49283,-5.84123,
-3.27465,-2.90764,-5.53138,-4.65643,4.45829,-5.86892,
-3.27465,-2.85518,-5.53138,-4.67027,4.5119,-5.86648,
-3.20945,-2.85518,-5.53759,-4.67027,4.56387,-5.8654,
-3.2868,-2.93253,-5.53748,-4.67016,4.54403,-5.86542,
-3.2868,-2.93253,-5.53748,-4.67016,4.51006,-5.89273,
-3.2868,-2.88134,-5.53748,-4.68365,4.56231,-5.89035,
-3.22396,-2.88134,-5.54354,-4.68365,4.61273,-5.88931,
-3.29897,-2.95634,-5.54343,-4.68355,4.59372,-5.88932,
-3.29897,-2.95634,-5.54343,-4.68355,4.56032,-5.91623,
-3.29897,-2.9064,-5.54343,-4.69671,4.61124,-5.91392,
-3.23837,-2.9064,-5.54935,-4.69671,4.66018,-5.91291,
-3.31113,-2.97916,-5.54924,-4.69661,4.64194,-5.91293,
-3.31113,-2.97916,-5.54924,-4.69661,4.60911,-5.93943,
-3.31113,-2.93046,-5.54924,-4.70946,4.65875,-5.93719,
-3.25263,-2.93046,-5.55501,-4.70946,4.70628,-5.9362,
-3.32324,-3.00107,-5.55491,-4.70936,4.68877,-5.93622,
-3.32324,-3.00107,-5.55491,-4.70936,4.65651,-5.96233,
-3.32324,-2.95358,-5.55491,-4.72189,4.7049,-5.96015,
-3.26673,-2.95358,-5.56055,-4.72189,4.75108,-5.95919,
-3.33528,-3.02213,-5.56045,-4.7218,4.73426,-5.95921,
-3.33528,-3.02213,-5.56045,-4.7218,4.70256,-5.98492,
-3.33528,-2.97583,-5.56045,-4.73404,4.74973,-5.9828,
-3.28064,-2.97583,-5.56597,-4.73404,4.79464,-5.98186,
-3.34721,-3.04241,-5.56587,-4.73394,4.77846,-5.98188,
-3.34721,-3.04241,-5.56587,-4.73394,4.74732,-6.00719,
-3.34721,-2.99727,-5.56587,-4.74589,4.79332,-6.00513,
-3.29435,-2.99727,-5.57127,-4.74589,4.83701,-6.00421,
-3.35903,-3.06196,-5.57118,-4.7458,4.82144,-6.00423,
-3.35903,-3.06196,-5.57118,-4.7458,4.79084,-6.02915,
-3.35903,-3.01796,-5.57118,-4.75747,4.83571,-6.02714,
-3.30785,-3.01796,-5.57646,-4.75747,4.87823,-6.02625,
-3.37072,-3.08084,-5.57637,-4.75738,4.86323,-6.02626,
-3.37072,-3.08084,-5.57637,-4.75738,4.83318,-6.05079,
-3.37072,-3.03793,-5.57637,-4.76878,4.87695,-6.04884,
-3.32113,-3.03793,-5.58154,-4.76878,4.91835,-6.04797,
-3.38227,-3.09908,-5.58145,-4.76869,4.9039,-6.04798,
-3.38227,-3.09908,-5.58145,-4.76869,4.87438,-6.07212,
-3.38227,-3.05724,-5.58145,-4.77983,4.91709,-6.07022,
-3.33418,-3.05724,-5.58652,-4.77983,4.95742,-6.06937,
-3.39367,-3.11673,-5.58644,-4.77975,4.94348,-6.06939,
-3.39367,-3.11673,-5.58644,-4.77975,4.91448,-6.09315,
-3.39367,-3.07592,-5.58644,-4.79064,4.95618,-6.0913,
-3.34701,-3.07592,-5.5914,-4.79064,4.99549,-6.09047,
-3.40491,-3.13382,-5.59132,-4.79056,4.98203,-6.09048,
-3.40491,-3.13382,-5.59132,-4.79056,4.95355,-6.11387,
-3.40491,-3.09401,-5.59132,-4.8012,4.99426,-6.11206,
-3.35961,-3.09401,-5.59619,-4.8012,5.03259,-6.11125,
-3.41599,-3.15039,-5.59612,-4.80113,5.01959,-6.11126,
-3.41599,-3.15039,-5.59612,-4.80113,4.9916,-6.13428,
-3.41599,-3.11155,-5.59612,-4.81154,5.03136,-6.13252,
-3.37199,-3.11155,-5.6009,-4.81154,5.06876,-6.13173,
-3.42691,-3.16647,-5.60082,-4.81146,5.0562,-6.13174,
-3.42691,-3.16647,-5.60082,-4.81146,5.0287,-6.15439,
-3.42691,-3.12856,-5.60082,-4.82165,5.06755,-6.15268,
-3.38413,-3.12856,-5.60551,-4.82165,5.10404,-6.1519,
-3.43765,-3.18208,-5.60544,-4.82157,5.0919,-6.15192,
-3.43765,-3.18208,-5.60544,-4.82157,5.06488,-6.17421,
-3.43765,-3.14507,-5.60544,-4.83154,5.10284,-6.17254,
-3.39606,-3.14507,-5.61005,-4.83154,5.13847,-6.17178,
-3.44824,-3.19725,-5.60998,-4.83147,5.12672,-6.17179,
-3.44824,-3.19725,-5.60998,-4.83147,5.10016,-6.19374,
-3.44824,-3.16111,-5.60998,-4.84123,5.13728,-6.19211,
-3.40776,-3.16111,-5.6145,-4.84123,5.17209,-6.19137,
-3.45865,-3.212,-5.61443,-4.84116,5.1607,-6.19138,
-3.45865,-3.212,-5.61443,-4.84116,5.1346,-6.21299,
-3.45865,-3.1767,-5.61443,-4.85072,5.17089,-6.21139,
-3.41924,-3.1767,-5.61888,-4.85072,5.20491,-6.21067,
-3.4689,-3.22635,-5.61881,-4.85065,5.19388,-6.21068,
-3.4689,-3.22635,-5.61881,-4.85065,5.16822,-6.23195,
-3.4689,-3.19186,-5.61881,-4.86001,5.20372,-6.2304,
-3.43051,-3.19186,-5.62318,-4.86001,5.23698,-6.22968,
-3.47898,-3.24033,-5.62312,-4.85994,5.22628,-6.22969,
-3.47898,-3.24033,-5.62312,-4.85994,5.20106,-6.25064,
-3.47898,-3.20662,-5.62312,-4.86911,5.2358,-6.24912,
-3.44157,-3.20662,-5.62741,-4.86911,5.26832,-6.24842,
-3.4889,-3.25395,-5.62735,-4.86905,5.25794,-6.24843,
-3.4889,-3.25395,-5.62735,-4.86905,5.23315,-6.26906,
-3.4889,-3.22099,-5.62735,-4.87804,5.26715,-6.26758,
-3.45243,-3.22099,-5.63158,-4.87804,5.29896,-6.26689,
-3.49866,-3.26722,-5.63152,-4.87798,5.28889,-6.2669,
-3.49866,-3.26722,-5.63152,-4.87798,5.2645,-6.28722,
-3.49866,-3.235,-5.63152,-4.88679,5.29779,-6.28576,
-3.46308,-3.235,-5.63567,-4.88679,5.32893,-6.28509,
-3.50826,-3.28017,-5.63561,-4.88673,5.31915,-6.2851,
-3.50826,-3.28017,-5.63561,-4.88673,5.29516,-6.30511,
-3.50826,-3.24865,-5.63561,-4.89537,5.32777,-6.30369,
-3.47354,-3.24865,-5.6397,-4.89537,5.35825,-6.30303,
-3.5177,-3.29281,-5.63965,-4.89532,5.34875,-6.30304,
-3.5177,-3.29281,-5.63965,-4.89532,5.32515,-6.32275,
-3.5177,-3.26197,-5.63965,-4.90379,5.35709,-6.32136,
-3.4838,-3.26197,-5.64367,-4.90379,5.38695,-6.32072,
-3.52699,-3.30516,-5.64362,-4.90374,5.37771,-6.32072,
-3.52699,-3.30516,-5.64362,-4.90374,5.35449,-6.34015,
-3.52699,-3.27496,-5.64362,-4.91206,5.3858,-6.33879,
-3.49388,-3.27496,-5.64758,-4.91206,5.41505,-6.33815,
-3.53612,-3.31721,-5.64753,-4.912,5.40606,-6.33816,
-3.53612,-3.31721,-5.64753,-4.912,5.38321,-6.3573,
-3.53612,-3.28765,-5.64753,-4.92017,5.4139,-6.35597,
-3.50377,-3.28765,-5.65143,-4.92017,5.44256,-6.35534,
-3.54511,-3.329,-5.65138,-4.92011,5.43382,-6.35535,
-3.54511,-3.329,-5.65138,-4.92011,5.41133,-6.37421,
-3.54511,-3.30005,-5.65138,-4.92813,5.44142,-6.3729,
-3.51349,-3.30005,-5.65522,-4.92813,5.46952,-6.37229,
-3.55396,-3.34052,-5.65517,-4.92807,5.46101,-6.3723,
-3.55396,-3.34052,-5.65517,-4.92807,5.43887,-6.39089,
-3.55396,-3.31216,-5.65517,-4.93595,5.46839,-6.38961,
-3.52303,-3.31216,-5.65896,-4.93595,5.49594,-6.38901,
-3.56266,-3.35179,-5.65891,-4.93589,5.48765,-6.38901,
-3.56266,-3.35179,-5.65891,-4.93589,5.46586,-6.40734,
-3.56266,-3.324,-5.65891,-4.94363,5.49481,-6.40609,
-3.53241,-3.324,-5.66264,-4.94363,5.52184,-6.40549,
-3.57122,-3.36282,-5.66259,-4.94358,5.51376,-6.4055,
-3.57122,-3.36282,-5.66259,-4.94358,5.4923,-6.42356,
-3.57122,-3.33558,-5.66259,-4.95117,5.52072,-6.42234,
-3.54162,-3.33558,-5.66628,-4.95117,5.54724,-6.42175,
-3.57965,-3.37362,-5.66623,-4.95112,5.53936,-6.42176,
-3.57965,-3.37362,-5.66623,-4.95112,5.51823,-6.43957,
-3.57965,-3.34691,-5.66623,-4.95859,5.54612,-6.43837,
-3.55067,-3.34691,-5.66986,-4.95859,5.57215,-6.4378,
-3.58794,-3.38419,-5.66981,-4.95854,5.56447,-6.43781,
-3.58794,-3.38419,-5.66981,-4.95854,5.54365,-6.45537,
-3.58794,-3.358,-5.66981,-4.96588,5.57104,-6.45419,
-3.55956,-3.358,-5.67339,-4.96588,5.5966,-6.45363,
-3.59611,-3.39455,-5.67334,-4.96583,5.5891,-6.45363,
-3.59611,-3.39455,-5.67334,-4.96583,5.56859,-6.47096,
-3.59611,-3.36886,-5.67334,-4.97305,5.59549,-6.4698,
-3.5683,-3.36886,-5.67687,-4.97305,5.62059,-6.46924,
-3.60415,-3.4047,-5.67683,-4.973,5.61327,-6.46925,
-3.60415,-3.4047,-5.67683,-4.973,5.59306,-6.48634,
-3.60415,-3.3795,-5.67683,-4.9801,5.61948,-6.4852,
-3.5769,-3.3795,-5.68031,-4.9801,5.64414,-6.48466,
-3.61206,-3.41466,-5.68026,-4.98005,5.63699,-6.48466,
-3.61206,-3.41466,-5.68026,-4.98005,5.61707,-6.50152,
-3.61206,-3.38992,-5.68026,-4.98703,5.64304,-6.50041,
-3.58535,-3.38992,-5.6837,-4.98703,5.66726,-6.49987,
-3.61985,-3.42442,-5.68365,-4.98699,5.66028,-6.49988,
-3.61985,-3.42442,-5.68365,-4.98699,5.64065,-6.51651,
-3.61985,-3.40013,-5.68365,-4.99386,5.66617,-6.51541,
-3.59367,-3.40013,-5.68705,-4.99386,5.68998,-6.51488,
-3.62753,-3.43399,-5.687,-4.99381,5.68316,-6.51489,
-3.62753,-3.43399,-5.687,-4.99381,5.66381,-6.5313,
-3.62753,-3.41015,-5.687,-5.00057,5.68889,-6.53023,
-3.60184,-3.41015,-5.69035,-5.00057,5.7123,-6.52971,
-3.63509,-3.44339,-5.69031,-5.00053,5.70563,-6.52972,
-3.63509,-3.44339,-5.69031,-5.00053,5.68655,-6.54591,
-3.63509,-3.41997,-5.69031,-5.00718,5.71121,-6.54486,
-3.60989,-3.41997,-5.69361,-5.00718,5.73423,-6.54434,
-3.64253,-3.45262,-5.69357,-5.00714,5.72771,-6.54435,
-3.64253,-3.45262,-5.69357,-5.00714,5.70889,-6.56034,
-3.64253,-3.42961,-5.69357,-5.01369,5.73315,-6.5593,
-3.61781,-3.42961,-5.69683,-5.01369,5.75579,-6.5588,
-3.64987,-3.46167,-5.69679,-5.01365,5.74941,-6.5588,
-3.64987,-3.46167,-5.69679,-5.01365,5.73085,-6.57459,
-3.64987,-3.43906,-5.69679,-5.02009,5.75472,-6.57357,
-3.6256,-3.43906,-5.70001,-5.02009,5.77698,-6.57307,
-3.6571,-3.47057,-5.69997,-5.02005,5.77074,-6.57308,
-3.6571,-3.47057,-5.69997,-5.02005,5.75244,-6.58866,
-3.6571,-3.44835,-5.69997,-5.0264,5.77592,-6.58766,
-3.63327,-3.44835,-5.70315,-5.0264,5.79783,-6.58717,
-3.66422,-3.47931,-5.70312,-5.02637,5.79172,-6.58717,
-3.66422,-3.47931,-5.70312,-5.02637,5.77366,-6.60256,
-3.66422,-3.45746,-5.70312,-5.03262,5.79677,-6.60158,
-3.64082,-3.45746,-5.70626,-5.03262,5.81833,-6.60109,
-3.67124,-3.48789,-5.70622,-5.03258,5.81235,-6.6011,
-3.67124,-3.48789,-5.70622,-5.03258,5.79453,-6.61629,
-3.67124,-3.46641,-5.70622,-5.03874,5.81728,-6.61533,
-3.64825,-3.46641,-5.70932,-5.03874,5.8385,-6.61485,
-3.67817,-3.49633,-5.70929,-5.03871,5.83265,-6.61485,
-3.67817,-3.49633,-5.70929,-5.03871,5.81506,-6.62986,
-3.67817,-3.47521,-5.70929,-5.04478,5.83746,-6.62891,
-3.65557,-3.47521,-5.71236,-5.04478,5.85835,-6.62844,
-3.68499,-3.50463,-5.71232,-5.04474,5.85262,-6.62845,
-3.68499,-3.50463,-5.71232,-5.04474,5.83526,-6.64327,
-3.68499,-3.48385,-5.71232,-5.05073,5.85732,-6.64234,
-3.66278,-3.48385,-5.71535,-5.05073,5.87789,-6.64187,
-3.69172,-3.51279,-5.71531,-5.05069,5.87227,-6.64188,
-3.69172,-3.51279,-5.71531,-5.05069,5.85514,-6.65652,
-3.69172,-3.49235,-5.71531,-5.05659,5.87686,-6.6556,
-3.66989,-3.49235,-5.71831,-5.05659,5.89713,-6.65514,
-3.69836,-3.52081,-5.71827,-5.05656,5.89162,-6.65515,
-3.69836,-3.52081,-5.71827,-5.05656,5.87471,-6.66962,
-3.69836,-3.5007,-5.71827,-5.06237,5.8961,-6.66871,
-3.67689,-3.5007,-5.72124,-5.06237,5.91607,-6.66826,
-3.7049,-3.52871,-5.7212,-5.06234,5.91067,-6.66827,
-3.7049,-3.52871,-5.7212,-5.06234,5.89397,-6.68256,
-3.7049,-3.50891,-5.7212,-5.06807,5.91505,-6.68167,
-3.68378,-3.50891,-5.72413,-5.06807,5.93473,-6.68123,
-3.71136,-3.53648,-5.7241,-5.06804,5.92943,-6.68123,
-3.71136,-3.53648,-5.7241,-5.06804,5.91294,-6.69536,
-3.71136,-3.51699,-5.7241,-5.0737,5.93371,-6.69449,
-3.69058,-3.51699,-5.72699,-5.0737,5.9531,-6.69405,
-3.71772,-3.54413,-5.72696,-5.07366,5.94791,-6.69405,
-3.71772,-3.54413,-5.72696,-5.07366,5.93162,-6.70802,
-3.71772,-3.52493,-5.72696,-5.07924,5.9521,-6.70715,
-3.69729,-3.52493,-5.72982,-5.07924,5.97121,-6.70672,
-3.72401,-3.55166,-5.72979,-5.07921,5.96611,-6.70672,
-3.72401,-3.55166,-5.72979,-5.07921,5.95002,-6.72053,
-3.72401,-3.53275,-5.72979,-5.08471,5.97021,-6.71968,
-3.70389,-3.53275,-5.73262,-5.08471,5.98905,-6.71925,
-3.73021,-3.55907,-5.73258,-5.08468,5.98404,-6.71925,
-3.73021,-3.55907,-5.73258,-5.08468,5.96815,-6.7329,
-3.73021,-3.54045,-5.73258,-5.09011,5.98805,-6.73207,
-3.71041,-3.54045,-5.73538,-5.09011,6.00664,-6.73164,
-3.73633,-3.56637,-5.73535,-5.09008,6.00172,-6.73165,
-3.73633,-3.56637,-5.73535,-5.09008,5.98601,-6.74514,
-3.73633,-3.54803,-5.73535,-5.09544,6.00564,-6.74431,
-3.71683,-3.54803,-5.73812,-5.09544,6.02397,-6.7439,
-3.74237,-3.57356,-5.73809,-5.09541,6.01914,-6.7439,
-3.74237,-3.57356,-5.73809,-5.09541,6.00362,-6.75724,
-3.74237,-3.55549,-5.73809,-5.1007,6.02298,-6.75643,
-3.72317,-3.55549,-5.74083,-5.1007,6.04106,-6.75602,
-3.74833,-3.58065,-5.7408,-5.10067,6.03632,-6.75602,
-3.74833,-3.58065,-5.7408,-5.10067,6.02098,-6.76922,
-3.74833,-3.56283,-5.7408,-5.10589,6.04008,-6.76842,
-3.72942,-3.56283,-5.74351,-5.10589,6.05791,-6.76801,
-3.75422,-3.58763,-5.74348,-5.10586,6.05325,-6.76801,
-3.75422,-3.58763,-5.74348,-5.10586,6.0381,-6.78106,
-3.75422,-3.57007,-5.74348,-5.11101,6.05694,-6.78027,
-3.73559,-3.57007,-5.74617,-5.11101,6.07454,-6.77987,
-3.76003,-3.59451,-5.74614,-5.11099,6.06996,-6.77987,
-3.76003,-3.59451,-5.74614,-5.11099,6.05498,-6.79278,
-3.76003,-3.5772,-5.74614,-5.11608,6.07357,-6.792,
-3.74168,-3.5772,-5.74879,-5.11608,6.09093,-6.7916,
-3.76577,-3.60129,-5.74876,-5.11605,6.08643,-6.79161,
-3.76577,-3.60129,-5.74876,-5.11605,6.07162,-6.80437,
-3.76577,-3.58423,-5.74876,-5.12107,6.08997,-6.80361,
-3.74769,-3.58423,-5.75139,-5.12107,6.10711,-6.80321,
-3.77144,-3.60798,-5.75136,-5.12104,6.10268,-6.80322,
-3.77144,-3.60798,-5.75136,-5.12104,6.08804,-6.81585,
-3.77144,-3.59115,-5.75136,-5.12601,6.10615,-6.81509,
-3.75362,-3.59115,-5.75396,-5.12601,6.12307,-6.81471,
-3.77704,-3.61458,-5.75393,-5.12598,6.11872,-6.81471,
-3.77704,-3.61458,-5.75393,-5.12598,6.10424,-6.82721,
-3.77704,-3.59798,-5.75393,-5.13089,6.12212,-6.82646,
-3.75947,-3.59798,-5.75651,-5.13089,6.13882,-6.82608,
-3.78257,-3.62108,-5.75648,-5.13086,6.13454,-6.82608,
-3.78257,-3.62108,-5.75648,-5.13086,6.12022,-6.83845,
-3.78257,-3.60471,-5.75648,-5.1357,6.13788,-6.83771,
-3.76525,-3.60471,-5.75903,-5.1357,6.15437,-6.83733,
-3.78804,-3.6275,-5.759,-5.13567,6.15016,-6.83734,
-3.78804,-3.6275,-5.759,-5.13567,6.136,-6.84957,
-3.78804,-3.61134,-5.759,-5.14046,6.15343,-6.84885,
-3.77095,-3.61134,-5.76153,-5.14046,6.16972,-6.84847,
-3.79344,-3.63383,-5.7615,-5.14043,6.16558,-6.84848,
-3.79344,-3.63383,-5.7615,-5.14043,6.15157,-6.86059,
-3.79344,-3.61789,-5.7615,-5.14516,6.16879,-6.85987,
-3.77659,-3.61789,-5.764,-5.14516,6.18487,-6.8595,
-3.79877,-3.64007,-5.76397,-5.14514,6.1808,-6.8595,
-3.79877,-3.64007,-5.76397,-5.14514,6.16694,-6.87149,
-3.79877,-3.62434,-5.76397,-5.14981,6.18395,-6.87079,
-3.78215,-3.62434,-5.76645,-5.14981,6.19984,-6.87042,
-3.80405,-3.64623,-5.76642,-5.14979,6.19583,-6.87042,
-3.80405,-3.64623,-5.76642,-5.14979,6.18212,-6.88229,
-3.80405,-3.63071,-5.76642,-5.15441,6.19892,-6.88159,
-3.78765,-3.63071,-5.76887,-5.15441,6.21461,-6.88123,
-3.80926,-3.65232,-5.76885,-5.15438,6.21067,-6.88123,
-3.80926,-3.65232,-5.76885,-5.15438,6.1971,-6.89298,
-3.80926,-3.63699,-5.76885,-5.15895,6.2137,-6.89229,
-3.79308,-3.63699,-5.77128,-5.15895,6.22921,-6.89193,
-3.81441,-3.65832,-5.77125,-5.15892,6.22532,-6.89194,
-3.81441,-3.65832,-5.77125,-5.15892,6.2119,-6.90357,
-3.81441,-3.64319,-5.77125,-5.16344,6.2283,-6.90289,
-3.79845,-3.64319,-5.77366,-5.16344,6.24363,-6.90253,
-3.81951,-3.66425,-5.77363,-5.16341,6.2398,-6.90254,
-3.81951,-3.66425,-5.77363,-5.16341,6.22652,-6.91405,
-3.81951,-3.64931,-5.77363,-5.16788,6.24273,-6.91338,
-3.80375,-3.64931,-5.77601,-5.16788,6.25787,-6.91303,
-3.82454,-3.6701,-5.77599,-5.16785,6.25411,-6.91303,
-3.82454,-3.6701,-5.77599,-5.16785,6.24096,-6.92444,
-3.82454,-3.65535,-5.77599,-5.17227,6.25698,-6.92377,
-3.80899,-3.65535,-5.77835,-5.17227,6.27195,-6.92343,
-3.82952,-3.67588,-5.77833,-5.17224,6.26824,-6.92343,
-3.82952,-3.67588,-5.77833,-5.17224,6.25523,-6.93472,
-3.82952,-3.66131,-5.77833,-5.17661,6.27106,-6.93407,
-3.81416,-3.66131,-5.78067,-5.17661,6.28586,-6.93373,
-3.83445,-3.68159,-5.78064,-5.17658,6.2822,-6.93373,
-3.83445,-3.68159,-5.78064,-5.17658,6.26932,-6.94491,
-3.83445,-3.6672,-5.78064,-5.1809,6.28498,-6.94427,
-3.81928,-3.6672,-5.78296,-5.1809,6.29961,-6.94393,
-3.83932,-3.68723,-5.78294,-5.18088,6.29601,-6.94393,
-3.83932,-3.68723,-5.78294,-5.18088,6.28326,-6.95501,
-3.83932,-3.67301,-5.78294,-5.18515,6.29873,-6.95437,
-3.82434,-3.67301,-5.78523,-5.18515,6.3132,-6.95403,
-3.84413,-3.69281,-5.78521,-5.18512,6.30965,-6.95404,
-3.84413,-3.69281,-5.78521,-5.18512,6.29702,-6.96501,
-3.84413,-3.67876,-5.78521,-5.18935,6.31233,-6.96438,
-3.82934,-3.67876,-5.78749,-5.18935,6.32663,-6.96405,
-3.8489,-3.69831,-5.78746,-5.18933,6.32313,-6.96405,
-3.8489,-3.69831,-5.78746,-5.18933,6.31063,-6.97492,
-3.8489,-3.68443,-5.78746,-5.19351,6.32576,-6.9743,
-3.83429,-3.68443,-5.78972,-5.19351,6.33992,-6.97397,
-3.85361,-3.70375,-5.7897,-5.19348,6.33646,-6.97397,
-3.85361,-3.70375,-5.7897,-5.19348,6.32409,-6.98474,
-3.85361,-3.69003,-5.7897,-5.19762,6.33905,-6.98412,
-3.83918,-3.69003,-5.79193,-5.19762,6.35305,-6.9838,
-3.85828,-3.70913,-5.79191,-5.1976,6.34965,-6.9838,
-3.85828,-3.70913,-5.79191,-5.1976,6.33739,-6.99447,
-3.85828,-3.69557,-5.79191,-5.20169,6.35219,-6.99386,
-3.84402,-3.69557,-5.79413,-5.20169,6.36604,-6.99354,
-3.86289,-3.71444,-5.79411,-5.20167,6.36268,-6.99354,
-3.86289,-3.71444,-5.79411,-5.20167,6.35054,-7.00411,
-3.86289,-3.70104,-5.79411,-5.20572,6.36518,-7.00351,
-3.8488,-3.70104,-5.79631,-5.20572,6.37888,-7.00319,
-3.86746,-3.7197,-5.79628,-5.20569,6.37557,-7.00319,
-3.86746,-3.7197,-5.79628,-5.20569,6.36355,-7.01367,
-3.86746,-3.70644,-5.79628,-5.2097,6.37803,-7.01308,
-3.85353,-3.70644,-5.79846,-5.2097,6.39159,-7.01276,
-3.87198,-3.72489,-5.79844,-5.20968,6.38832,-7.01276,
-3.87198,-3.72489,-5.79844,-5.20968,6.37641,-7.02314,
-3.87198,-3.71179,-5.79844,-5.21365,6.39074,-7.02256,
-3.85821,-3.71179,-5.8006,-5.21365,6.40415,-7.02224,
-3.87645,-3.73002,-5.80058,-5.21363,6.40093,-7.02225,
-3.87645,-3.73002,-5.80058,-5.21363,6.38913,-7.03253,
-3.87645,-3.71707,-5.80058,-5.21755,6.40332,-7.03195,
-3.86285,-3.71707,-5.80272,-5.21755,6.41659,-7.03164,
-3.88088,-3.7351,-5.8027,-5.21753,6.41341,-7.03165,
-3.88088,-3.7351,-5.8027,-5.21753,6.40172,-7.04184,
-3.88088,-3.72229,-5.8027,-5.22142,6.41576,-7.04127,
-3.86743,-3.72229,-5.80483,-5.22142,6.42889,-7.04096,
-3.88526,-3.74012,-5.80481,-5.2214,6.42575,-7.04097,
-3.88526,-3.74012,-5.80481,-5.2214,6.41417,-7.05107,
-3.88526,-3.72745,-5.80481,-5.22525,6.42806,-7.05051,
-3.87196,-3.72745,-5.80691,-5.22525,6.44106,-7.0502,
-3.8896,-3.74509,-5.80689,-5.22523,6.43797,-7.0502,
-3.8896,-3.74509,-5.80689,-5.22523,6.42649,-7.06022,
-3.8896,-3.73256,-5.80689,-5.22904,6.44024,-7.05966,
-3.87645,-3.73256,-5.80898,-5.22904,6.45311,-7.05936,
-3.89389,-3.75,-5.80896,-5.22902,6.45006,-7.05936,
-3.89389,-3.75,-5.80896,-5.22902,6.43868,-7.0693,
-3.89389,-3.73761,-5.80896,-5.23279,6.45229,-7.06874,
-3.88089,-3.73761,-5.81104,-5.23279,6.46503,-7.06844,
-3.89815,-3.75486,-5.81102,-5.23277,6.46202,-7.06845,
-3.89815,-3.75486,-5.81102,-5.23277,6.45075,-7.07829,
-3.89815,-3.7426,-5.81102,-5.23651,6.46422,-7.07775,
-3.88529,-3.7426,-5.81307,-5.23651,6.47683,-7.07745,
-3.90236,-3.75967,-5.81305,-5.23649,6.47386,-7.07745,
-3.90236,-3.75967,-5.81305,-5.23649,6.46269,-7.08721,
-3.90236,-3.74754,-5.81305,-5.24019,6.47603,-7.08667,
-3.88964,-3.74754,-5.81509,-5.24019,6.48852,-7.08638,
-3.90653,-3.76442,-5.81507,-5.24017,6.48558,-7.08638,
-3.90653,-3.76442,-5.81507,-5.24017,6.4745,-7.09606,
-3.90653,-3.75242,-5.81507,-5.24384,6.48771,-7.09553,
-3.89395,-3.75242,-5.8171,-5.24384,6.50008,-7.09524,
-3.91066,-3.76913,-5.81708,-5.24382,6.49718,-7.09524,
-3.91066,-3.76913,-5.81708,-5.24382,6.4862,-7.10484,
-3.91066,-3.75725,-5.81708,-5.24745,6.49928,-7.10431,
-3.89821,-3.75725,-5.81908,-5.24745,6.51153,-7.10402,
-3.91475,-3.77379,-5.81907,-5.24743,6.50866,-7.10402,
-3.91475,-3.77379,-5.81907,-5.24743,6.49778,-7.11354,
-3.91475,-3.76204,-5.81907,-5.25103,6.51074,-7.11302,
-3.90243,-3.76204,-5.82106,-5.25103,6.52287,-7.11273,
-3.9188,-3.7784,-5.82104,-5.25101,6.52004,-7.11273,
-3.9188,-3.7784,-5.82104,-5.25101,6.50925,-7.12217,
-3.9188,-3.76677,-5.82104,-5.25457,6.52208,-7.12165,
-3.90662,-3.76677,-5.82301,-5.25457,6.5341,-7.12137,
-3.92281,-3.78296,-5.823,-5.25456,6.5313,-7.12137,
-3.92281,-3.78296,-5.823,-5.25456,6.5206,-7.13074,
-3.92281,-3.77145,-5.823,-5.25809,6.53331,-7.13022,
-3.91076,-3.77145,-5.82496,-5.25809,6.54521,-7.12994,
-3.92679,-3.78748,-5.82494,-5.25807,6.54245,-7.12994,
-3.92679,-3.78748,-5.82494,-5.25807,6.53185,-7.13923,
-3.92679,-3.77608,-5.82494,-5.26157,6.54443,-7.13872,
-3.91486,-3.77608,-5.82688,-5.26157,6.55622,-7.13844,
-3.93073,-3.79195,-5.82687,-5.26155,6.55349,-7.13845,
-3.93073,-3.79195,-5.82687,-5.26155,6.54298,-7.14766,
-3.93073,-3.78067,-5.82687,-5.26502,6.55545,-7.14716,
-3.91892,-3.78067,-5.8288,-5.26502,6.56713,-7.14688,
-3.93463,-3.79638,-5.82878,-5.265,6.56443,-7.14688,
-3.93463,-3.79638,-5.82878,-5.265,6.55401,-7.15602,
-3.93463,-3.78521,-5.82878,-5.26843,6.56636,-7.15552,
-3.92294,-3.78521,-5.8307,-5.26843,6.57794,-7.15525,
-3.9385,-3.80077,-5.83068,-5.26842,6.57527,-7.15525,
-3.9385,-3.80077,-5.83068,-5.26842,6.56493,-7.16432,
-3.9385,-3.7897,-5.83068,-5.27182,6.57717,-7.16382,
-3.92693,-3.7897,-5.83258,-5.27182,6.58864,-7.16355,
-3.94233,-3.80511,-5.83256,-5.2718,6.586,-7.16356,
-3.94233,-3.80511,-5.83256,-5.2718,6.57575,-7.17255,
-3.94233,-3.79415,-5.83256,-5.27518,6.58788,-7.17206,
-3.93088,-3.79415,-5.83445,-5.27518,6.59924,-7.17179,
-3.94613,-3.80941,-5.83443,-5.27516,6.59664,-7.17179,
-3.94613,-3.80941,-5.83443,-5.27516,6.58647,-7.18072,
-3.94613,-3.79856,-5.83443,-5.2785,6.59848,-7.18023,
-3.93479,-3.79856,-5.83631,-5.2785,6.60975,-7.17997,
-3.9499,-3.81366,-5.83629,-5.27849,6.60717,-7.17997,
-3.9499,-3.81366,-5.83629,-5.27849,6.59709,-7.18882,
-3.9499,-3.80292,-5.83629,-5.2818,6.609,-7.18834,
-3.93866,-3.80292,-5.83815,-5.2818,6.62016,-7.18808,
-3.95363,-3.81788,-5.83813,-5.28179,6.61761,-7.18808,
-3.95363,-3.81788,-5.83813,-5.28179,6.60761,-7.19687,
-3.95363,-3.80724,-5.83813,-5.28507,6.61941,-7.19639,
-3.9425,-3.80724,-5.83998,-5.28507,6.63047,-7.19613,
-3.95732,-3.82206,-5.83996,-5.28506,6.62796,-7.19613,
-3.95732,-3.82206,-5.83996,-5.28506,6.61803,-7.20485,
-3.95732,-3.81152,-5.83996,-5.28832,6.62973,-7.20438,
-3.94631,-3.81152,-5.8418,-5.28832,6.6407,-7.20412,
-3.96099,-3.8262,-5.84178,-5.2883,6.63821,-7.20412,
-3.96099,-3.8262,-5.84178,-5.2883,6.62836,-7.21277,
-3.96099,-3.81576,-5.84178,-5.29153,6.63996,-7.21231,
-3.95008,-3.81576,-5.8436,-5.29153,6.65083,-7.21205,
-3.96462,-3.8303,-5.84359,-5.29151,6.64837,-7.21205,
-3.96462,-3.8303,-5.84359,-5.29151,6.6386,-7.22064,
-3.96462,-3.81995,-5.84359,-5.29472,6.65009,-7.22018,
-3.95382,-3.81995,-5.84539,-5.29472,6.66087,-7.21992,
-3.96823,-3.83436,-5.84538,-5.2947,6.65844,-7.21993,
-3.96823,-3.83436,-5.84538,-5.2947,6.64875,-7.22845,
-3.96823,-3.82411,-5.84538,-5.29788,6.66014,-7.22799,
-3.95752,-3.82411,-5.84717,-5.29788,6.67083,-7.22774,
-3.9718,-3.83839,-5.84715,-5.29786,6.66842,-7.22774,
-3.9718,-3.83839,-5.84715,-5.29786,6.6588,-7.2362,
-3.9718,-3.82823,-5.84715,-5.30101,6.6701,-7.23574,
-3.9612,-3.82823,-5.84894,-5.30101,6.6807,-7.23549,
-3.97534,-3.84237,-5.84892,-5.30099,6.67831,-7.2355,
-3.97534,-3.84237,-5.84892,-5.30099,6.66877,-7.24389,
-3.97534,-3.83231,-5.84892,-5.30412,6.67997,-7.24344,
-3.96484,-3.83231,-5.85069,-5.30412,6.69048,-7.24319,
-3.97885,-3.84633,-5.85067,-5.3041,6.68812,-7.24319,
-3.97885,-3.84633,-5.85067,-5.3041,6.67865,-7.25153,
-3.97885,-3.83635,-5.85067,-5.3072,6.68976,-7.25108,
-3.96844,-3.83635,-5.85243,-5.3072,6.70018,-7.25084,
-3.98233,-3.85024,-5.85242,-5.30719,6.69784,-7.25084,
-3.98233,-3.85024,-5.85242,-5.30719,6.68845,-7.25911,
-3.98233,-3.84036,-5.85242,-5.31026,6.69946,-7.25867,
-3.97202,-3.84036,-5.85416,-5.31026,6.70979,-7.25842,
-3.98579,-3.85413,-5.85415,-5.31024,6.70749,-7.25843,
-3.98579,-3.85413,-5.85415,-5.31024,6.69816,-7.26664,
-3.98579,-3.84433,-5.85415,-5.31329,6.70908,-7.2662,
-3.97557,-3.84433,-5.85588,-5.31329,6.71933,-7.26596,
-3.98921,-3.85797,-5.85586,-5.31328,6.71705,-7.26596,
-3.98921,-3.85797,-5.85586,-5.31328,6.70779,-7.27411,
-3.98921,-3.84826,-5.85586,-5.3163,6.71862,-7.27368,
-3.97909,-3.84826,-5.85758,-5.3163,6.72879,-7.27344,
-3.99261,-3.86179,-5.85757,-5.31628,6.72653,-7.27344,
-3.99261,-3.86179,-5.85757,-5.31628,6.71734,-7.28153,
-3.99261,-3.85216,-5.85757,-5.31928,6.72808,-7.28111,
-3.98257,-3.85216,-5.85928,-5.31928,6.73816,-7.28087,
-3.99598,-3.86557,-5.85926,-5.31927,6.73593,-7.28087,
-3.99598,-3.86557,-5.85926,-5.31927,6.72681,-7.2889,
-3.99598,-3.85603,-5.85926,-5.32224,6.73747,-7.28848,
-3.98603,-3.85603,-5.86096,-5.32224,6.74746,-7.28824,
-3.99932,-3.86932,-5.86095,-5.32223,6.74525,-7.28824,
-3.99932,-3.86932,-5.86095,-5.32223,6.7362,-7.29622,
-3.99932,-3.85986,-5.86095,-5.32518,6.74677,-7.2958,
-3.98946,-3.85986,-5.86263,-5.32518,6.75669,-7.29557,
-4.00264,-3.87303,-5.86262,-5.32516,6.75449,-7.29557,
-4.00264,-3.87303,-5.86262,-5.32516,6.74551,-7.30349,
-4.00264,-3.86366,-5.86262,-5.32809,6.756,-7.30307,
-3.99286,-3.86366,-5.86429,-5.32809,6.76584,-7.30284,
-4.00592,-3.87672,-5.86428,-5.32808,6.76367,-7.30284,
-4.00592,-3.87672,-5.86428,-5.32808,6.75475,-7.31071,
-4.00592,-3.86742,-5.86428,-5.33098,6.76515,-7.31029,
-3.99624,-3.86742,-5.86594,-5.33098,6.77491,-7.31006,
-4.00919,-3.88037,-5.86593,-5.33097,6.77276,-7.31006,
-4.00919,-3.88037,-5.86593,-5.33097,6.76391,-7.31787,
-4.00919,-3.87115,-5.86593,-5.33385,6.77423,-7.31747,
-3.99958,-3.87115,-5.86758,-5.33385,6.78391,-7.31724,
-4.01242,-3.884,-5.86757,-5.33384,6.78179,-7.31724,
-4.01242,-3.884,-5.86757,-5.33384,6.773,-7.32499,
-4.01242,-3.87486,-5.86757,-5.3367,6.78323,-7.32459,
-4.0029,-3.87486,-5.86921,-5.3367,6.79284,-7.32436,
-4.01564,-3.88759,-5.8692,-5.33669,6.79074,-7.32436,
-4.01564,-3.88759,-5.8692,-5.33669,6.78201,-7.33207,
-4.01564,-3.87853,-5.8692,-5.33952,6.79217,-7.33167,
-4.00619,-3.87853,-5.87083,-5.33952,6.8017,-7.33144,
-4.01882,-3.89115,-5.87082,-5.33951,6.79962,-7.33144,
-4.01882,-3.89115,-5.87082,-5.33951,6.79095,-7.33909,
-4.01882,-3.88216,-5.87082,-5.34233,6.80103,-7.33869,
-4.00946,-3.88216,-5.87244,-5.34233,6.8105,-7.33847,
-4.02199,-3.89469,-5.87242,-5.34231,6.80843,-7.33847,
-4.02199,-3.89469,-5.87242,-5.34231,6.79982,-7.34607,
-4.02199,-3.88577,-5.87242,-5.34511,6.80983,-7.34567,
-4.0127,-3.88577,-5.87404,-5.34511,6.81922,-7.34545,
-4.02512,-3.89819,-5.87402,-5.3451,6.81717,-7.34545,
-4.02512,-3.89819,-5.87402,-5.3451,6.80863,-7.353,
-4.02512,-3.88935,-5.87402,-5.34787,6.81855,-7.35261,
-4.01592,-3.88935,-5.87562,-5.34787,6.82787,-7.35239,
-4.02824,-3.90167,-5.87561,-5.34786,6.82585,-7.35239,
-4.02824,-3.90167,-5.87561,-5.34786,6.81736,-7.35989,
-4.02824,-3.8929,-5.87561,-5.35061,6.82721,-7.3595,
-4.01911,-3.8929,-5.8772,-5.35061,6.83646,-7.35928,
-4.03133,-3.90512,-5.87719,-5.3506,6.83445,-7.35928,
-4.03133,-3.90512,-5.87719,-5.3506,6.82603,-7.36673,
-4.03133,-3.89642,-5.87719,-5.35333,6.8358,-7.36634,
-4.02227,-3.89642,-5.87877,-5.35333,6.84499,-7.36612,
-4.03439,-3.90854,-5.87876,-5.35332,6.843,-7.36613,
-4.03439,-3.90854,-5.87876,-5.35332,6.83463,-7.37352,
-4.03439,-3.89991,-5.87876,-5.35603,6.84433,-7.37314,
-4.02541,-3.89991,-5.88033,-5.35603,6.85344,-7.37293,
-4.03744,-3.91194,-5.88031,-5.35602,6.85147,-7.37293,
-4.03744,-3.91194,-5.88031,-5.35602,6.84316,-7.38028,
-4.03744,-3.90338,-5.88031,-5.35872,6.85279,-7.3799,
-4.02853,-3.90338,-5.88187,-5.35872,6.86184,-7.37968,
-4.04046,-3.91531,-5.88186,-5.3587,6.85989,-7.37969,
-4.04046,-3.91531,-5.88186,-5.3587,6.85163,-7.38699,
-4.04046,-3.90681,-5.88186,-5.36138,6.86119,-7.38661,
-4.03162,-3.90681,-5.88341,-5.36138,6.87017,-7.3864,
-4.04346,-3.91865,-5.8834,-5.36136,6.86824,-7.3864,
-4.04346,-3.91865,-5.8834,-5.36136,6.86004,-7.39365,
-4.04346,-3.91022,-5.8834,-5.36402,6.86953,-7.39328,
-4.03469,-3.91022,-5.88494,-5.36402,6.87844,-7.39307,
-4.04644,-3.92197,-5.88493,-5.36401,6.87653,-7.39307,
-4.04644,-3.92197,-5.88493,-5.36401,6.86838,-7.40028,
-4.04644,-3.9136,-5.88493,-5.36664,6.8778,-7.39991,
-4.03774,-3.9136,-5.88646,-5.36664,6.88665,-7.3997,
-4.04939,-3.92526,-5.88645,-5.36663,6.88475,-7.3997,
-4.04939,-3.92526,-5.88645,-5.36663,6.87666,-7.40686,
-4.04939,-3.91696,-5.88645,-5.36925,6.88601,-7.4065,
-4.04076,-3.91696,-5.88797,-5.36925,6.8948,-7.40629,
-4.05233,-3.92852,-5.88796,-5.36924,6.89292,-7.40629,
-4.05233,-3.92852,-5.88796,-5.36924,6.88488,-7.4134,
-4.05233,-3.92029,-5.88796,-5.37183,6.89417,-7.41304,
-4.04377,-3.92029,-5.88948,-5.37183,6.90289,-7.41283,
-4.05524,-3.93176,-5.88946,-5.37182,6.90103,-7.41283,
-4.05524,-3.93176,-5.88946,-5.37182,6.89304,-7.4199,
-4.05524,-3.92359,-5.88946,-5.3744,6.90226,-7.41954,
-4.04675,-3.92359,-5.89097,-5.3744,6.91092,-7.41934,
-4.05813,-3.93498,-5.89096,-5.37439,6.90908,-7.41934,
-4.05813,-3.93498,-5.89096,-5.37439,6.90114,-7.42636,
-4.05813,-3.92687,-5.89096,-5.37695,6.9103,-7.42601,
-4.0497,-3.92687,-5.89245,-5.37695,6.9189,-7.4258,
-4.06101,-3.93817,-5.89244,-5.37694,6.91707,-7.4258,
-4.06101,-3.93817,-5.89244,-5.37694,6.90919,-7.43278,
-4.06101,-3.93012,-5.89244,-5.37949,6.91827,-7.43243,
-4.05264,-3.93012,-5.89393,-5.37949,6.92682,-7.43223,
-4.06386,-3.94134,-5.89392,-5.37947,6.925,-7.43223,
-4.06386,-3.94134,-5.89392,-5.37947,6.91717,-7.43917,
-4.06386,-3.93335,-5.89392,-5.382,6.9262,-7.43881,
-4.05556,-3.93335,-5.8954,-5.382,6.93468,-7.43861,
-4.06669,-3.94449,-5.89538,-5.38199,6.93288,-7.43861,
-4.06669,-3.94449,-5.89538,-5.38199,6.9251,-7.44551,
-4.06669,-3.93656,-5.89538,-5.3845,6.93406,-7.44516,
-4.05845,-3.93656,-5.89685,-5.3845,6.94248,-7.44496,
-4.0695,-3.94761,-5.89684,-5.38449,6.9407,-7.44496,
-4.0695,-3.94761,-5.89684,-5.38449,6.93297,-7.45181,
-4.0695,-3.93974,-5.89684,-5.38698,6.94187,-7.45147,
-4.06133,-3.93974,-5.8983,-5.38698,6.95024,-7.45126,
-4.07229,-3.95071,-5.89829,-5.38697,6.94847,-7.45127,
-4.07229,-3.95071,-5.89829,-5.38697,6.94079,-7.45808,
-4.07229,-3.94289,-5.89829,-5.38944,6.94962,-7.45773,
-4.06418,-3.94289,-5.89974,-5.38944,6.95793,-7.45753,
-4.07507,-3.95378,-5.89973,-5.38943,6.95618,-7.45754,
-4.07507,-3.95378,-5.89973,-5.38943,6.94855,-7.46431,
-4.07507,-3.94603,-5.89973,-5.39189,6.95732,-7.46396,
-4.06701,-3.94603,-5.90118,-5.39189,6.96558,-7.46377,
-4.07782,-3.95684,-5.90117,-5.39188,6.96384,-7.46377,
-4.07782,-3.95684,-5.90117,-5.39188,6.95625,-7.4705,
-4.07782,-3.94914,-5.90117,-5.39432,6.96497,-7.47016,
-4.06983,-3.94914,-5.9026,-5.39432,6.97317,-7.46996,
-4.08056,-3.95987,-5.90259,-5.39431,6.97145,-7.46996,
-4.08056,-3.95987,-5.90259,-5.39431,6.96391,-7.47665,
-4.08056,-3.95223,-5.90259,-5.39674,6.97257,-7.47632,
-4.07262,-3.95223,-5.90402,-5.39674,6.98071,-7.47612,
-4.08327,-3.96288,-5.90401,-5.39673,6.979,-7.47612,
-4.08327,-3.96288,-5.90401,-5.39673,6.97151,-7.48277,
-4.08327,-3.95529,-5.90401,-5.39914,6.98011,-7.48244,
-4.0754,-3.95529,-5.90543,-5.39914,6.9882,-7.48224,
-4.08597,-3.96587,-5.90542,-5.39913,6.98651,-7.48225,
-4.08597,-3.96587,-5.90542,-5.39913,6.97906,-7.48885,
-4.08597,-3.95834,-5.90542,-5.40152,6.9876,-7.48852,
-4.07815,-3.95834,-5.90683,-5.40152,6.99564,-7.48833,
-4.08865,-3.96884,-5.90682,-5.40151,6.99396,-7.48833,
-4.08865,-3.96884,-5.90682,-5.40151,6.98656,-7.4949,
-4.08865,-3.96136,-5.90682,-5.40389,6.99505,-7.49457,
-4.08089,-3.96136,-5.90822,-5.40389,7.00303,-7.49438,
-4.09132,-3.97179,-5.90821,-5.40388,7.00136,-7.49438,
-4.09132,-3.97179,-5.90821,-5.40388,6.99401,-7.50091,
-4.09132,-3.96436,-5.90821,-5.40624,7.00244,-7.50059,
-4.08361,-3.96436,-5.90961,-5.40624,7.01037,-7.5004,
-4.09396,-3.97471,-5.9096,-5.40623,7.00871,-7.5004,
-4.09396,-3.97471,-5.9096,-5.40623,7.0014,-7.50689,
-4.09396,-3.96734,-5.9096,-5.40858,7.00978,-7.50657,
-4.08631,-3.96734,-5.91099,-5.40858,7.01766,-7.50638,
-4.09659,-3.97762,-5.91098,-5.40857,7.01602,-7.50638,
-4.09659,-3.97762,-5.91098,-5.40857,7.00875,-7.51283,
-4.09659,-3.97029,-5.91098,-5.4109,7.01707,-7.51251,
-4.08899,-3.97029,-5.91236,-5.4109,7.0249,-7.51232,
-4.0992,-3.98051,-5.91235,-5.41089,7.02328,-7.51233,
-4.0992,-3.98051,-5.91235,-5.41089,7.01605,-7.51874,
-4.0992,-3.97323,-5.91235,-5.41321,7.02432,-7.51842,
-4.09165,-3.97323,-5.91372,-5.41321,7.0321,-7.51824,
-4.10179,-3.98337,-5.91371,-5.4132,7.03048,-7.51824,
-4.10179,-3.98337,-5.91371,-5.4132,7.0233,-7.52462,
-4.10179,-3.97615,-5.91371,-5.4155,7.03152,-7.5243,
-4.0943,-3.97615,-5.91508,-5.4155,7.03925,-7.52412,
-4.10437,-3.98622,-5.91506,-5.41549,7.03765,-7.52412,
-4.10437,-3.98622,-5.91506,-5.41549,7.03051,-7.53046,
-4.10437,-3.97905,-5.91506,-5.41778,7.03867,-7.53015,
-4.09693,-3.97905,-5.91642,-5.41778,7.04635,-7.52996,
-4.10693,-3.98905,-5.91641,-5.41777,7.04476,-7.52996,
-4.10693,-3.98905,-5.91641,-5.41777,7.03767,-7.53627,
-4.10693,-3.98192,-5.91641,-5.42004,7.04578,-7.53596,
-4.09954,-3.98192,-5.91776,-5.42004,7.05341,-7.53578,
-4.10947,-3.99186,-5.91775,-5.42003,7.05183,-7.53578,
-4.10947,-3.99186,-5.91775,-5.42003,7.04478,-7.54205,
-4.10947,-3.98478,-5.91775,-5.42229,7.05284,-7.54174,
-4.10213,-3.98478,-5.9191,-5.42229,7.06042,-7.54156,
-4.112,-3.99465,-5.91909,-5.42228,7.05886,-7.54156,
-4.112,-3.99465,-5.91909,-5.42228,7.05185,-7.5478,
-4.112,-3.98762,-5.91909,-5.42453,7.05985,-7.54749,
-4.10471,-3.98762,-5.92042,-5.42453,7.06739,-7.54731,
-4.11451,-3.99742,-5.92041,-5.42452,7.06584,-7.54731,
-4.11451,-3.99742,-5.92041,-5.42452,7.05887,-7.55351,
-4.11451,-3.99044,-5.92041,-5.42675,7.06682,-7.5532,
-4.10727,-3.99044,-5.92174,-5.42675,7.07431,-7.55302,
-4.11701,-4.00018,-5.92173,-5.42674,7.07278,-7.55303,
-4.11701,-4.00018,-5.92173,-5.42674,7.06584,-7.55919,
-4.11701,-3.99324,-5.92173,-5.42896,7.07375,-7.55889,
-4.10981,-3.99324,-5.92306,-5.42896,7.0812,-7.55871,
-4.11949,-4.00291,-5.92305,-5.42895,7.07967,-7.55871,
-4.11949,-4.00291,-5.92305,-5.42895,7.07278,-7.56484,
-4.11949,-3.99602,-5.92305,-5.43115,7.08064,-7.56454,
-4.11234,-3.99602,-5.92436,-5.43115,7.08803,-7.56436,
-4.12195,-4.00563,-5.92435,-5.43114,7.08652,-7.56437,
-4.12195,-4.00563,-5.92435,-5.43114,7.07967,-7.57047,
-4.12195,-3.99878,-5.92435,-5.43333,7.08748,-7.57017,
-4.11485,-3.99878,-5.92566,-5.43333,7.09483,-7.56999,
-4.1244,-4.00833,-5.92565,-5.43332,7.09333,-7.56999,
-4.1244,-4.00833,-5.92565,-5.43332,7.08651,-7.57606,
-4.1244,-4.00153,-5.92565,-5.4355,7.09427,-7.57576,
-4.11735,-4.00153,-5.92695,-5.4355,7.10158,-7.57558,
-4.12684,-4.01101,-5.92694,-5.43549,7.10009,-7.57558,
-4.12684,-4.01101,-5.92694,-5.43549,7.09331,-7.58162,
-4.12684,-4.00426,-5.92694,-5.43766,7.10103,-7.58132,
-4.11983,-4.00426,-5.92824,-5.43766,7.10829,-7.58115,
-4.12926,-4.01368,-5.92823,-5.43765,7.10681,-7.58115,
-4.12926,-4.01368,-5.92823,-5.43765,7.10008,-7.58715,
-4.12926,-4.00697,-5.92823,-5.4398,7.10774,-7.58685,
-4.1223,-4.00697,-5.92952,-5.4398,7.11497,-7.58668,
-4.13166,-4.01633,-5.92951,-5.43979,7.1135,-7.58668,
-4.13166,-4.01633,-5.92951,-5.43979,7.1068,-7.59265,
-4.13166,-4.00966,-5.92951,-5.44193,7.11442,-7.59236,
-4.12475,-4.00966,-5.93079,-5.44193,7.1216,-7.59218,
-4.13405,-4.01896,-5.93078,-5.44192,7.12014,-7.59219,
-4.13405,-4.01896,-5.93078,-5.44192,7.11347,-7.59812,
-4.13405,-4.01233,-5.93078,-5.44404,7.12105,-7.59783,
-4.12718,-4.01233,-5.93206,-5.44404,7.12819,-7.59766,
-4.13643,-4.02158,-5.93205,-5.44403,7.12674,-7.59766,
-4.13643,-4.02158,-5.93205,-5.44403,7.12011,-7.60356,
-4.13643,-4.01499,-5.93205,-5.44615,7.12765,-7.60328,
-4.1296,-4.01499,-5.93332,-5.44615,7.13474,-7.6031,
-4.13879,-4.02417,-5.93331,-5.44614,7.1333,-7.60311,
-4.13879,-4.02417,-5.93331,-5.44614,7.12671,-7.60898,
-4.13879,-4.01763,-5.93331,-5.44824,7.1342,-7.60869,
-4.13201,-4.01763,-5.93457,-5.44824,7.14125,-7.60852,
-4.14113,-4.02676,-5.93456,-5.44823,7.13982,-7.60852,
-4.14113,-4.02676,-5.93456,-5.44823,7.13327,-7.61436,
-4.14113,-4.02025,-5.93456,-5.45032,7.14071,-7.61408,
-4.1344,-4.02025,-5.93582,-5.45032,7.14773,-7.61391,
-4.14347,-4.02932,-5.93581,-5.45031,7.14631,-7.61391,
-4.14347,-4.02932,-5.93581,-5.45031,7.13979,-7.61972,
-4.14347,-4.02286,-5.93581,-5.45239,7.14719,-7.61944,
-4.13677,-4.02286,-5.93706,-5.45239,7.15416,-7.61927,
-4.14579,-4.03187,-5.93705,-5.45238,7.15275,-7.61928,
-4.14579,-4.03187,-5.93705,-5.45238,7.14627,-7.62505,
-4.14579,-4.02545,-5.93705,-5.45444,7.15363,-7.62477,
-4.13913,-4.02545,-5.93829,-5.45444,7.16056,-7.62461,
-4.14809,-4.03441,-5.93828,-5.45443,7.15916,-7.62461,
-4.14809,-4.03441,-5.93828,-5.45443,7.15271,-7.63036,
-4.14809,-4.02803,-5.93828,-5.45649,7.16003,-7.63008,
-4.14148,-4.02803,-5.93952,-5.45649,7.16692,-7.62991,
-4.15038,-4.03693,-5.93951,-5.45648,7.16553,-7.62991,
-4.15038,-4.03693,-5.93951,-5.45648,7.15912,-7.63563,
-4.15038,-4.03059,-5.93951,-5.45852,7.16639,-7.63536,
-4.14382,-4.03059,-5.94074,-5.45852,7.17324,-7.63519,
-4.15266,-4.03943,-5.94073,-5.45851,7.17187,-7.63519,
-4.15266,-4.03943,-5.94073,-5.45851,7.16549,-7.64088,
-4.15266,-4.03313,-5.94073,-5.46054,7.17272,-7.64061,
-4.14614,-4.03313,-5.94196,-5.46054,7.17953,-7.64044,
-4.15493,-4.04192,-5.94195,-5.46053,7.17816,-7.64044,
-4.15493,-4.04192,-5.94195,-5.46053,7.17182,-7.6461,
-4.15493,-4.03566,-5.94195,-5.46255,7.17901,-7.64583,
-4.14844,-4.03566,-5.94317,-5.46255,7.18578,-7.64567,
-4.15718,-4.0444,-5.94316,-5.46254,7.18442,-7.64567,
-4.15718,-4.0444,-5.94316,-5.46254,7.17811,-7.6513,
-4.15718,-4.03817,-5.94316,-5.46455,7.18526,-7.65103,
-4.15073,-4.03817,-5.94438,-5.46455,7.192,-7.65087,
-4.15942,-4.04686,-5.94437,-5.46454,7.19065,-7.65087,
-4.15942,-4.04686,-5.94437,-5.46454,7.18437,-7.65647,
-4.15942,-4.04067,-5.94437,-5.46653,7.19148,-7.6562,
-4.15301,-4.04067,-5.94558,-5.46653,7.19818,-7.65604,
-4.16165,-4.0493,-5.94557,-5.46652,7.19684,-7.65604,
-4.16165,-4.0493,-5.94557,-5.46652,7.19059,-7.66161,
-4.16165,-4.04315,-5.94557,-5.46851,7.19766,-7.66135,
-4.15528,-4.04315,-5.94677,-5.46851,7.20432,-7.66119,
-4.16386,-4.05173,-5.94676,-5.4685,7.20299,-7.66119,
-4.16386,-4.05173,-5.94676,-5.4685,7.19678,-7.66673,
-4.16386,-4.04561,-5.94676,-5.47047,7.20381,-7.66647,
-4.15753,-4.04561,-5.94796,-5.47047,7.21043,-7.66631,
-4.16606,-4.05415,-5.94795,-5.47046,7.20911,-7.66631,
-4.16606,-4.05415,-5.94795,-5.47046,7.20293,-7.67183,
-4.16606,-4.04807,-5.94795,-5.47242,7.20992,-7.67156,
-4.15977,-4.04807,-5.94914,-5.47242,7.21651,-7.6714,
-4.16825,-4.05655,-5.94913,-5.47242,7.2152,-7.6714,
-4.16825,-4.05655,-5.94913,-5.47242,7.20905,-7.67689,
-4.16825,-4.0505,-5.94913,-5.47437,7.216,-7.67663,
-4.162,-4.0505,-5.95031,-5.47437,7.22255,-7.67647,
-4.17043,-4.05894,-5.95031,-5.47436,7.22125,-7.67647,
-4.17043,-4.05894,-5.95031,-5.47436,7.21513,-7.68194,
-4.17043,-4.05293,-5.95031,-5.4763,7.22204,-7.68168,
-4.16421,-4.05293,-5.95149,-5.4763,7.22856,-7.68152,
-4.1726,-4.06131,-5.95148,-5.47629,7.22727,-7.68152,
-4.1726,-4.06131,-5.95148,-5.47629,7.22118,-7.68696,
-4.1726,-4.05534,-5.95148,-5.47822,7.22806,-7.6867,
-4.16641,-4.05534,-5.95265,-5.47822,7.23454,-7.68654,
-4.17475,-4.06367,-5.95264,-5.47821,7.23325,-7.68654,
-4.17475,-4.06367,-5.95264,-5.47821,7.2272,-7.69195,
-4.17475,-4.05773,-5.95264,-5.48013,7.23404,-7.69169,
-4.1686,-4.05773,-5.95381,-5.48013,7.24048,-7.69154,
-4.17689,-4.06602,-5.9538,-5.48012,7.2392,-7.69154,
-4.17689,-4.06602,-5.9538,-5.48012,7.23318,-7.69692,
-4.17689,-4.06011,-5.9538,-5.48203,7.23998,-7.69666,
-4.17078,-4.06011,-5.95496,-5.48203,7.24639,-7.69651,
-4.17902,-4.06835,-5.95496,-5.48203,7.24512,-7.69651,
-4.17902,-4.06835,-5.95496,-5.48203,7.23913,-7.70187,
-4.17902,-4.06248,-5.95496,-5.48392,7.24589,-7.70161,
-4.17295,-4.06248,-5.95611,-5.48392,7.25227,-7.70146,
-4.18114,-4.07067,-5.95611,-5.48392,7.25101,-7.70146,
-4.18114,-4.07067,-5.95611,-5.48392,7.24505,-7.70679,
-4.18114,-4.06484,-5.95611,-5.48581,7.25177,-7.70653,
-4.1751,-4.06484,-5.95726,-5.48581,7.25812,-7.70638,
-4.18324,-4.07298,-5.95725,-5.4858,7.25687,-7.70638,
-4.18324,-4.07298,-5.95725,-5.4858,7.25093,-7.71169,
-4.18324,-4.06718,-5.95725,-5.48768,7.25762,-7.71143,
-4.17724,-4.06718,-5.9584,-5.48768,7.26393,-7.71128,
-4.18534,-4.07527,-5.95839,-5.48767,7.26269,-7.71128,
-4.18534,-4.07527,-5.95839,-5.48767,7.25679,-7.71656,
-4.18534,-4.0695,-5.95839,-5.48954,7.26344,-7.71631,
-4.17937,-4.0695,-5.95953,-5.48954,7.26972,-7.71616,
-4.18742,-4.07756,-5.95952,-5.48953,7.26848,-7.71616,
-4.18742,-4.07756,-5.95952,-5.48953,7.26261,-7.72142,
-4.18742,-4.07182,-5.95952,-5.49139,7.26923,-7.72117,
-4.18149,-4.07182,-5.96066,-5.49139,7.27547,-7.72102,
-4.18949,-4.07982,-5.96065,-5.49138,7.27424,-7.72102,
-4.18949,-4.07982,-5.96065,-5.49138,7.2684,-7.72624,
-4.18949,-4.07412,-5.96065,-5.49323,7.27498,-7.726,
-4.18359,-4.07412,-5.96178,-5.49323,7.28119,-7.72585,
-4.19156,-4.08208,-5.96177,-5.49322,7.27998,-7.72585,
-4.19156,-4.08208,-5.96177,-5.49322,7.27416,-7.73105,
-4.19156,-4.0764,-5.96177,-5.49506,7.28071,-7.73081,
-4.18569,-4.0764,-5.9629,-5.49506,7.28689,-7.73066,
-4.19361,-4.08432,-5.96289,-5.49505,7.28568,-7.73066,
-4.19361,-4.08432,-5.96289,-5.49505,7.27989,-7.73584,
-4.19361,-4.07868,-5.96289,-5.49688,7.2864,-7.73559,
-4.18777,-4.07868,-5.96401,-5.49688,7.29255,-7.73544,
-4.19565,-4.08655,-5.964,-5.49688,7.29135,-7.73545,
-4.19565,-4.08655,-5.964,-5.49688,7.28559,-7.7406,
-4.19565,-4.08094,-5.964,-5.4987,7.29207,-7.74036,
-4.18984,-4.08094,-5.96512,-5.4987,7.29819,-7.74021,
-4.19767,-4.08877,-5.96511,-5.49869,7.29699,-7.74021,
-4.19767,-4.08877,-5.96511,-5.49869,7.29126,-7.74534,
-4.19767,-4.08319,-5.96511,-5.5005,7.29771,-7.7451,
-4.19191,-4.08319,-5.96622,-5.5005,7.30379,-7.74495,
-4.19969,-4.09098,-5.96622,-5.50049,7.3026,-7.74495,
-4.19969,-4.09098,-5.96622,-5.50049,7.2969,-7.75006,
-4.19969,-4.08543,-5.96622,-5.50229,7.30331,-7.74982,
-4.19396,-4.08543,-5.96732,-5.50229,7.30937,-7.74967,
-4.2017,-4.09317,-5.96731,-5.50229,7.30819,-7.74967,
-4.2017,-4.09317,-5.96731,-5.50229,7.30251,-7.75476,
-4.2017,-4.08765,-5.96731,-5.50408,7.30889,-7.75452,
-4.19599,-4.08765,-5.96842,-5.50408,7.31491,-7.75437,
-4.2037,-4.09536,-5.96841,-5.50407,7.31374,-7.75437,
-4.2037,-4.09536,-5.96841,-5.50407,7.30809,-7.75943,
-4.2037,-4.08987,-5.96841,-5.50586,7.31444,-7.75919,
-4.19802,-4.08987,-5.9695,-5.50586,7.32043,-7.75905,
-4.20569,-4.09753,-5.9695,-5.50585,7.31927,-7.75905,
-4.20569,-4.09753,-5.9695,-5.50585,7.31364,-7.76408,
-4.20569,-4.09207,-5.9695,-5.50762,7.31996,-7.76385,
-4.20004,-4.09207,-5.97059,-5.50762,7.32592,-7.7637,
-4.20766,-4.09969,-5.97058,-5.50762,7.32476,-7.76371,
-4.20766,-4.09969,-5.97058,-5.50762,7.31917,-7.76872,
-4.20766,-4.09426,-5.97058,-5.50938,7.32545,-7.76848,
-4.20205,-4.09426,-5.97167,-5.50938,7.33139,-7.76834,
-4.20963,-4.10184,-5.97166,-5.50937,7.33023,-7.76834,
-4.20963,-4.10184,-5.97166,-5.50937,7.32466,-7.77333,
-4.20963,-4.09644,-5.97166,-5.51113,7.33092,-7.7731,
-4.20405,-4.09644,-5.97274,-5.51113,7.33682,-7.77295,
-4.21159,-4.10397,-5.97273,-5.51112,7.33568,-7.77296,
-4.21159,-4.10397,-5.97273,-5.51112,7.33013,-7.77792,
-4.21159,-4.0986,-5.97273,-5.51287,7.33635,-7.77769,
-4.20603,-4.0986,-5.97381,-5.51287,7.34223,-7.77755,
-4.21353,-4.1061,-5.9738,-5.51286,7.34109,-7.77755,
-4.21353,-4.1061,-5.9738,-5.51286,7.33557,-7.78249,
-4.21353,-4.10076,-5.9738,-5.5146,7.34176,-7.78226,
-4.20801,-4.10076,-5.97488,-5.5146,7.34761,-7.78212,
-4.21547,-4.10822,-5.97487,-5.51459,7.34648,-7.78212,
-4.21547,-4.10822,-5.97487,-5.51459,7.34098,-7.78705,
-4.21547,-4.1029,-5.97487,-5.51633,7.34715,-7.78682,
-4.20998,-4.1029,-5.97594,-5.51633,7.35296,-7.78667,
-4.2174,-4.11032,-5.97593,-5.51632,7.35184,-7.78668,
-4.2174,-4.11032,-5.97593,-5.51632,7.34637,-7.79158,
-4.2174,-4.10503,-5.97593,-5.51804,7.3525,-7.79135,
-4.21193,-4.10503,-5.97699,-5.51804,7.35829,-7.79121,
-4.21931,-4.11241,-5.97699,-5.51803,7.35717,-7.79121,
-4.21931,-4.11241,-5.97699,-5.51803,7.35173,-7.79609,
-4.21931,-4.10715,-5.97699,-5.51975,7.35783,-7.79586,
-4.21388,-4.10715,-5.97805,-5.51975,7.36359,-7.79572,
-4.22122,-4.11449,-5.97804,-5.51974,7.36248,-7.79572,
-4.22122,-4.11449,-5.97804,-5.51974,7.35706,-7.80058,
-4.22122,-4.10926,-5.97804,-5.52145,7.36313,-7.80035,
-4.21581,-4.10926,-5.97909,-5.52145,7.36887,-7.80021,
-4.22312,-4.11656,-5.97909,-5.52144,7.36776,-7.80021,
-4.22312,-4.11656,-5.97909,-5.52144,7.36237,-7.80505,
-4.22312,-4.11136,-5.97909,-5.52314,7.36841,-7.80482,
-4.21774,-4.11136,-5.98014,-5.52314,7.37412,-7.80469,
-4.22501,-4.11863,-5.98013,-5.52313,7.37302,-7.80469,
-4.22501,-4.11863,-5.98013,-5.52313,7.36765,-7.8095,
-4.22501,-4.11345,-5.98013,-5.52482,7.37366,-7.80928,
-4.21966,-4.11345,-5.98117,-5.52482,7.37934,-7.80914,
-4.22689,-4.12068,-5.98117,-5.52481,7.37825,-7.80914,
-4.22689,-4.12068,-5.98117,-5.52481,7.37291,-7.81393,
-4.22689,-4.11552,-5.98117,-5.52649,7.37889,-7.81371,
-4.22157,-4.11552,-5.98221,-5.52649,7.38454,-7.81358,
-4.22876,-4.12271,-5.9822,-5.52648,7.38346,-7.81358,
-4.22876,-4.12271,-5.9822,-5.52648,7.37814,-7.81835,
-4.22876,-4.11759,-5.9822,-5.52816,7.38409,-7.81813,
-4.22346,-4.11759,-5.98324,-5.52816,7.38971,-7.81799,
-4.23062,-4.12474,-5.98323,-5.52815,7.38864,-7.81799,
-4.23062,-4.12474,-5.98323,-5.52815,7.38334,-7.82274,
-4.23062,-4.11964,-5.98323,-5.52981,7.38927,-7.82252,
-4.22535,-4.11964,-5.98426,-5.52981,7.39486,-7.82239,
-4.23247,-4.12676,-5.98426,-5.52981,7.39379,-7.82239,
-4.23247,-4.12676,-5.98426,-5.52981,7.38852,-7.82712,
-4.23247,-4.12169,-5.98426,-5.53146,7.39442,-7.8269,
-4.22723,-4.12169,-5.98529,-5.53146,7.39999,-7.82677,
-4.23432,-4.12877,-5.98528,-5.53146,7.39892,-7.82677,
-4.23432,-4.12877,-5.98528,-5.53146,7.39367,-7.83148,
-4.23432,-4.12372,-5.98528,-5.5331,7.39954,-7.83126,
-4.2291,-4.12372,-5.9863,-5.5331,7.40509,-7.83112,
-4.23615,-4.13077,-5.9863,-5.5331,7.40403,-7.83112,
-4.23615,-4.13077,-5.9863,-5.5331,7.3988,-7.83581,
-4.23615,-4.12575,-5.9863,-5.53474,7.40465,-7.8356,
-4.23096,-4.12575,-5.98732,-5.53474,7.41017,-7.83546,
-4.23798,-4.13276,-5.98731,-5.53473,7.40911,-7.83546,
-4.23798,-4.13276,-5.98731,-5.53473,7.40391,-7.84013,
-4.23798,-4.12776,-5.98731,-5.53637,7.40972,-7.83992,
-4.23281,-4.12776,-5.98832,-5.53637,7.41522,-7.83979,
-4.23979,-4.13474,-5.98832,-5.53636,7.41417,-7.83979,
-4.23979,-4.13474,-5.98832,-5.53636,7.40899,-7.84444,
-4.23979,-4.12977,-5.98832,-5.53798,7.41478,-7.84422,
-4.23466,-4.12977,-5.98933,-5.53798,7.42025,-7.84409,
-4.2416,-4.13671,-5.98932,-5.53798,7.41921,-7.84409,
-4.2416,-4.13671,-5.98932,-5.53798,7.41405,-7.84872,
-4.2416,-4.13176,-5.98932,-5.5396,7.41981,-7.84851,
-4.23649,-4.13176,-5.99033,-5.5396,7.42525,-7.84838,
-4.2434,-4.13867,-5.99032,-5.53959,7.42422,-7.84838,
-4.2434,-4.13867,-5.99032,-5.53959,7.41908,-7.85299,
-4.2434,-4.13374,-5.99032,-5.5412,7.42481,-7.85277,
-4.23832,-4.13374,-5.99133,-5.5412,7.43023,-7.85264,
-4.24519,-4.14062,-5.99132,-5.54119,7.4292,-7.85264,
-4.24519,-4.14062,-5.99132,-5.54119,7.42409,-7.85723,
-4.24519,-4.13572,-5.99132,-5.5428,7.4298,-7.85702,
-4.24013,-4.13572,-5.99232,-5.5428,7.43519,-7.85689,
-4.24698,-4.14256,-5.99231,-5.54279,7.43417,-7.85689,
-4.24698,-4.14256,-5.99231,-5.54279,7.42908,-7.86146,
-4.24698,-4.13768,-5.99231,-5.54439,7.43476,-7.86125,
-4.24194,-4.13768,-5.99331,-5.54439,7.44013,-7.86112,
-4.24875,-4.14449,-5.9933,-5.54438,7.43911,-7.86113,
-4.24875,-4.14449,-5.9933,-5.54438,7.43404,-7.86568,
-4.24875,-4.13964,-5.9933,-5.54597,7.43969,-7.86547,
-4.24374,-4.13964,-5.99429,-5.54597,7.44504,-7.86534,
-4.25052,-4.14641,-5.99429,-5.54596,7.44403,-7.86534,
-4.25052,-4.14641,-5.99429,-5.54596,7.43898,-7.86987,
-4.25052,-4.14158,-5.99429,-5.54754,7.44461,-7.86967,
-4.24553,-4.14158,-5.99528,-5.54754,7.44993,-7.86954,
-4.25227,-4.14833,-5.99527,-5.54753,7.44892,-7.86954,
-4.25227,-4.14833,-5.99527,-5.54753,7.4439,-7.87405,
-4.25227,-4.14352,-5.99527,-5.54911,7.4495,-7.87385,
-4.24732,-4.14352,-5.99625,-5.54911,7.4548,-7.87372,
-4.25402,-4.15023,-5.99625,-5.5491,7.4538,-7.87372,
-4.25402,-4.15023,-5.99625,-5.5491,7.44879,-7.87821,
-4.25402,-4.14545,-5.99625,-5.55067,7.45437,-7.87801,
-4.24909,-4.14545,-5.99723,-5.55067,7.45964,-7.87788,
-4.25577,-4.15212,-5.99722,-5.55066,7.45865,-7.87788,
-4.25577,-4.15212,-5.99722,-5.55066,7.45367,-7.88236,
-4.25577,-4.14736,-5.99722,-5.55222,7.45922,-7.88215,
-4.25085,-4.14736,-5.99819,-5.55222,7.46447,-7.88203,
-4.2575,-4.15401,-5.99819,-5.55222,7.46348,-7.88203,
-4.2575,-4.15401,-5.99819,-5.55222,7.45852,-7.88649,
-4.2575,-4.14927,-5.99819,-5.55377,7.46405,-7.88628,
-4.25261,-4.14927,-5.99916,-5.55377,7.46927,-7.88616,
-4.25923,-4.15589,-5.99915,-5.55376,7.46829,-7.88616,
-4.25923,-4.15589,-5.99915,-5.55376,7.46335,-7.8906,
-4.25923,-4.15117,-5.99915,-5.55531,7.46885,-7.89039,
-4.25436,-4.15117,-6.00012,-5.55531,7.47405,-7.89027,
-4.26094,-4.15775,-6.00012,-5.5553,7.47307,-7.89027,
-4.26094,-4.15775,-6.00012,-5.5553,7.46815,-7.89469,
-4.26094,-4.15306,-6.00012,-5.55684,7.47363,-7.89449,
-4.2561,-4.15306,-6.00108,-5.55684,7.47881,-7.89436,
-4.26265,-4.15961,-6.00107,-5.55683,7.47784,-7.89437,
-4.26265,-4.15961,-6.00107,-5.55683,7.47294,-7.89877,
-4.26265,-4.15494,-6.00107,-5.55837,7.47839,-7.89857,
-4.25784,-4.15494,-6.00204,-5.55837,7.48355,-7.89844,
-4.26436,-4.16146,-6.00203,-5.55836,7.48258,-7.89845,
-4.26436,-4.16146,-6.00203,-5.55836,7.4777,-7.90283,
-4.26436,-4.15682,-6.00203,-5.55989,7.48313,-7.90263,
-4.25956,-4.15682,-6.00299,-5.55989,7.48827,-7.90251,
-4.26605,-4.16331,-6.00298,-5.55988,7.48731,-7.90251,
-4.26605,-4.16331,-6.00298,-5.55988,7.48245,-7.90688,
-4.26605,-4.15868,-6.00298,-5.5614,7.48785,-7.90668,
-4.26128,-4.15868,-6.00393,-5.5614,7.49297,-7.90656,
-4.26774,-4.16514,-6.00393,-5.56139,7.49201,-7.90656,
-4.26774,-4.16514,-6.00393,-5.56139,7.48717,-7.91091,
-4.26774,-4.16054,-6.00393,-5.5629,7.49255,-7.91071,
-4.26299,-4.16054,-6.00488,-5.5629,7.49764,-7.91059,
-4.26942,-4.16697,-6.00487,-5.5629,7.49669,-7.91059,
-4.26942,-4.16697,-6.00487,-5.5629,7.49187,-7.91492,
-4.26942,-4.16238,-6.00487,-5.5644,7.49723,-7.91473,
-4.26469,-4.16238,-6.00582,-5.5644,7.5023,-7.9146,
-4.27109,-4.16878,-6.00581,-5.5644,7.50135,-7.9146,
-4.27109,-4.16878,-6.00581,-5.5644,7.49655,-7.91892,
-4.27109,-4.16422,-6.00581,-5.5659,7.50189,-7.91873,
-4.26639,-4.16422,-6.00675,-5.5659,7.50693,-7.9186,
-4.27276,-4.17059,-6.00675,-5.56589,7.50599,-7.9186,
-4.27276,-4.17059,-6.00675,-5.56589,7.50121,-7.9229,
-4.27276,-4.16605,-6.00675,-5.56738,7.50652,-7.92271,
-4.26807,-4.16605,-6.00769,-5.56738,7.51155,-7.92259,
-4.27442,-4.17239,-6.00768,-5.56737,7.51061,-7.92259,
-4.27442,-4.17239,-6.00768,-5.56737,7.50585,-7.92687,
-4.27442,-4.16787,-6.00768,-5.56886,7.51114,-7.92668,
-4.26975,-4.16787,-6.00862,-5.56886,7.51615,-7.92656,
-4.27607,-4.17418,-6.00861,-5.56885,7.51521,-7.92656,
-4.27607,-4.17418,-6.00861,-5.56885,7.51047,-7.93082,
-4.27607,-4.16968,-6.00861,-5.57033,7.51574,-7.93063,
-4.27143,-4.16968,-6.00954,-5.57033,7.52072,-7.93051,
-4.27771,-4.17597,-6.00953,-5.57033,7.51979,-7.93051,
-4.27771,-4.17597,-6.00953,-5.57033,7.51507,-7.93476,
-4.27771,-4.17149,-6.00953,-5.5718,7.52032,-7.93457,
-4.27309,-4.17149,-6.01046,-5.5718,7.52528,-7.93445,
-4.27935,-4.17774,-6.01046,-5.57179,7.52435,-7.93445,
-4.27935,-4.17774,-6.01046,-5.57179,7.51965,-7.93868,
-4.27935,-4.17328,-6.01046,-5.57326,7.52487,-7.93849,
-4.27475,-4.17328,-6.01138,-5.57326,7.52981,-7.93837,
-4.28097,-4.17951,-6.01138,-5.57325,7.5289,-7.93837,
-4.28097,-4.17951,-6.01138,-5.57325,7.52421,-7.94259,
-4.28097,-4.17507,-6.01138,-5.57472,7.52941,-7.9424,
-4.2764,-4.17507,-6.0123,-5.57472,7.53433,-7.94228,
-4.2826,-4.18127,-6.01229,-5.57471,7.53342,-7.94228,
-4.2826,-4.18127,-6.01229,-5.57471,7.52875,-7.94648,
-4.2826,-4.17685,-6.01229,-5.57616,7.53393,-7.94629,
-4.27804,-4.17685,-6.01321,-5.57616,7.53883,-7.94617,
-4.28421,-4.18302,-6.0132,-5.57616,7.53792,-7.94617,
-4.28421,-4.18302,-6.0132,-5.57616,7.53327,-7.95035,
-4.28421,-4.17862,-6.0132,-5.57761,7.53843,-7.95016,
-4.27968,-4.17862,-6.01412,-5.57761,7.54331,-7.95005,
-4.28582,-4.18477,-6.01411,-5.5776,7.54241,-7.95005,
-4.28582,-4.18477,-6.01411,-5.5776,7.53778,-7.95421,
-4.28582,-4.18039,-6.01411,-5.57904,7.54291,-7.95403,
-4.2813,-4.18039,-6.01502,-5.57904,7.54777,-7.95391,
-4.28742,-4.1865,-6.01502,-5.57904,7.54687,-7.95391,
-4.28742,-4.1865,-6.01502,-5.57904,7.54226,-7.95806,
-4.28742,-4.18214,-6.01502,-5.58047,7.54737,-7.95787,
-4.28293,-4.18214,-6.01593,-5.58047,7.55221,-7.95776,
-4.28901,-4.18823,-6.01592,-5.58047,7.55132,-7.95776,
-4.28901,-4.18823,-6.01592,-5.58047,7.54672,-7.96189,
-4.28901,-4.18389,-6.01592,-5.5819,7.55182,-7.96171,
-4.28454,-4.18389,-6.01682,-5.5819,7.55664,-7.96159,
-4.2906,-4.18995,-6.01682,-5.58189,7.55575,-7.96159,
-4.2906,-4.18995,-6.01682,-5.58189,7.55117,-7.96571,
-4.2906,-4.18563,-6.01682,-5.58331,7.55624,-7.96553,
-4.28615,-4.18563,-6.01772,-5.58331,7.56104,-7.96541,
-4.29218,-4.19167,-6.01771,-5.58331,7.56016,-7.96541,
-4.29218,-4.19167,-6.01771,-5.58331,7.5556,-7.96952,
-4.29218,-4.18737,-6.01771,-5.58473,7.56065,-7.96933,
-4.28775,-4.18737,-6.01861,-5.58473,7.56543,-7.96922,
-4.29376,-4.19337,-6.01861,-5.58472,7.56455,-7.96922,
-4.29376,-4.19337,-6.01861,-5.58472,7.56001,-7.97331,
-4.29376,-4.18909,-6.01861,-5.58613,7.56504,-7.97312,
-4.28934,-4.18909,-6.0195,-5.58613,7.5698,-7.97301,
-4.29532,-4.19507,-6.0195,-5.58613,7.56892,-7.97301,
-4.29532,-4.19507,-6.0195,-5.58613,7.5644,-7.97708,
-4.29532,-4.19081,-6.0195,-5.58753,7.56941,-7.9769,
-4.29093,-4.19081,-6.02039,-5.58753,7.57415,-7.97679,
-4.29689,-4.19677,-6.02038,-5.58753,7.57328,-7.97679,
-4.29689,-4.19677,-6.02038,-5.58753,7.56877,-7.98084,
-4.29689,-4.19252,-6.02038,-5.58893,7.57376,-7.98066,
-4.29251,-4.19252,-6.02127,-5.58893,7.57848,-7.98055,
-4.29844,-4.19845,-6.02126,-5.58892,7.57761,-7.98055,
-4.29844,-4.19845,-6.02126,-5.58892,7.57313,-7.98459,
-4.29844,-4.19422,-6.02126,-5.59032,7.5781,-7.98441,
-4.29408,-4.19422,-6.02215,-5.59032,7.5828,-7.9843,
-4.29999,-4.20013,-6.02214,-5.59031,7.58193,-7.9843,
-4.29999,-4.20013,-6.02214,-5.59031,7.57746,-7.98832,
-4.29999,-4.19592,-6.02214,-5.5917,7.58241,-7.98814,
-4.29565,-4.19592,-6.02303,-5.5917,7.5871,-7.98803,
-4.30153,-4.2018,-6.02302,-5.5917,7.58624,-7.98803,
-4.30153,-4.2018,-6.02302,-5.5917,7.58178,-7.99204,
-4.30153,-4.19761,-6.02302,-5.59308,7.58671,-7.99186,
-4.29721,-4.19761,-6.0239,-5.59308,7.59138,-7.99175,
-4.30307,-4.20346,-6.02389,-5.59307,7.59052,-7.99175,
-4.30307,-4.20346,-6.02389,-5.59307,7.58608,-7.99575,
-4.30307,-4.19929,-6.02389,-5.59445,7.59099,-7.99557,
-4.29876,-4.19929,-6.02477,-5.59445,7.59564,-7.99546,
-4.30459,-4.20512,-6.02476,-5.59445,7.59479,-7.99546,
-4.30459,-4.20512,-6.02476,-5.59445,7.59037,-7.99944,
-4.30459,-4.20096,-6.02476,-5.59582,7.59526,-7.99926,
-4.30031,-4.20096,-6.02564,-5.59582,7.59989,-7.99915,
-4.30612,-4.20677,-6.02563,-5.59581,7.59904,-7.99915,
-4.30612,-4.20677,-6.02563,-5.59581,7.59464,-8.00312,
-4.30612,-4.20263,-6.02563,-5.59718,7.59951,-8.00294,
-4.30185,-4.20263,-6.0265,-5.59718,7.60412,-8.00283,
-4.30763,-4.20841,-6.02649,-5.59717,7.60327,-8.00283,
-4.30763,-4.20841,-6.02649,-5.59717,7.59889,-8.00679,
-4.30763,-4.20429,-6.02649,-5.59854,7.60374,-8.00661,
-4.30339,-4.20429,-6.02736,-5.59854,7.60833,-8.0065,
